r H,1
. S,4
rt ,2
ed ,128
ut ,36
" hi",26
d e,7
aus,6
"id,",3
"al,",1
l m,2
oam,3
h i,1
t u,2
", l",9
alm,5
atu,6
ile,14
eli,5
ade,4
-cl,1
"wy,",1
" ac",2
e f,22
ass,6
cke,9
ick,4
nar,4
a b,5
m n,2
"mb,",1
bin,1
" je",1
ure,9
- o,2
e ',1
ok ,4
nbr,1
azy,1
ibi,1
obo,1
" li",27
mig,1
n k,3
ays,3
ome,13
f c,2
r w,9
" da",10
up ,8
cea,2
vor,1
iac,1
ngr,1
ce ,12
"h, ",5
cts,1
g-l,1
ldl,1
" us",1
s t,26
in ,30
" fe",12
com,7
ner,6
bef,1
o h,5
"en,",6
pat,3
swe,2
hal,3
rev,2
hid,1
ong,6
d. ,19
ina,5
ani,4
ifi,5
p's,3
" ha",47
d m,9
say,2
yes,3
h a,12
"ad,",2
nd;,1
l e,1
emo,1
cia,1
el ,1
edi,3
ide,12
", d",3
-st,1
uti,5
me.,1
itu,2
ale,1
" ic",1
em.,2
nyb,3
e n,5
" re",23
ack,13
hed,13
y r,1
oki,2
pul,7
oca,1
eco,2
sce,3
ban,1
m f,1
mbe,3
"ck,",3
" ""T",4
us.,1
ary,1
orw,1
abi,1
" la",10
n c,6
" di",8
" ty",2
omm,3
nor,3
ll-,1
eig,1
ea.,3
ke ,11
t-w,1
ttl,8
"om,",1
olo,1
upi,3
" Br",1
ahe,1
ng;,1
ype,1
had,35
if ,6
" ne",9
ver,32
an ,24
goi,3
tip,1
hil,5
ogi,2
on.,7
pit,1
"ef,",1
fur,2
sou,2
owy,1
moo,1
g h,1
ego,1
ono,2
ene,7
ini,4
ana,2
x's,1
" pa",11
"it,",7
" hy",2
et ,5
d u,1
t e,6
rkn,1
p a,2
xch,1
ud ,1
ims,4
" as",20
who,6
eta,4
ntr,5
ate,16
adu,1
ky ,4
ely,2
rin,9
e v,2
put,2
a r,4
" ju",3
ped,6
ar ,9
fir,7
tup,3
osi,2
or.,1
ske,1
dep,1
raf,1
ere,42
" sc",7
gs ,3
ms.,1
ara,1
iri,1
" ""L",1
f s,7
sea,12
for,18
lot,1
wee,8
ep ,2
"ip,",1
eyo,3
ron,1
r g,4
lt-,1
eaw,1
" ta",5
gue,3
smi,4
ixe,2
se ,14
oto,1
ape,3
sts,1
t-o,1
c t,3
" ve",3
s d,4
g p,1
zen,4
" fu",3
buf,1
ugg,1
som,4
hit,3
lip,1
ref,1
owa,1
t. ,9
any,10
eve,12
ow ,12
wo ,4
ivi,2
ify,1
e'v,1
ava,1
re',1
t m,8
sai,8
ul ,3
ies,2
umo,1
l u,1
", t",30
" is",4
ite,8
ula,7
eti,3
edy,1
atm,1
udi,1
"n,""",1
lep,1
xed,2
ran,14
ir ,23
"er,",10
y b,3
rif,4
het,2
hud,1
far,2
scu,2
pel,1
ask,2
" sk",6
es.,5
org,2
gro,6
aza,1
ari,4
- w,4
n s,5
" ti",10
rof,1
r o,8
" dy",1
bov,1
sma,1
mp ,1
"p, ",2
gto,7
hat,39
bun,1
cou,7
s l,8
ren,8
pid,2
o p,2
typ,2
pal,2
k t,3
fer,3
w h,1
s -,2
; e,1
" Hi",1
"""Mi",1
Pet,4
Up ,1
""" F",1
o H,1
In ,2
Say,2
h A,5
"""Lo",1
Yes,1
I b,1
e N,1
" bu",14
Nor,1
"""I ",5
. B,11
npr,1
""" N",1
If ,2
" Ne",2
mmo,1
" Pa",1
Iri,1
! S,1
"ss,",4
"""Cu",1
Smi,4
For,1
Som,2
Neb,1
Eve,2
? I,1
"""We",2
t M,1
sse,5
" be",38
I r,2
Nob,1
l. ,4
oo ,1
rva,3
" ol",2
ann,1
be ,4
"fe,",1
"m, ",5
nfu,2
fne,1
ty.,1
nve,1
inf,1
l l,3
imb,1
t t,29
d d,6
h h,6
wat,6
rd.,3
nsc,1
tse,2
six,1
ble,10
nta,6
nly,6
idn,3
'd ,3
", o",4
ns ,4
etr,1
fla,3
e g,7
raw,1
hem,14
dea,7
fic,3
a c,6
tua,2
vis,1
m o,1
" st",37
err,14
le.,1
rra,1
zy ,1
"k,""",1
- h,1
man,13
pt ,2
ngs,5
twe,5
ged,7
dge,2
f b,3
r v,1
ein,1
odl,1
ypn,2
old,2
" up",11
" By",1
g a,6
nes,9
s u,3
pau,2
on',4
beg,3
rug,1
rew,4
hie,1
lf ,6
lia,2
en-,1
lai,1
ham,1
"e, ",24
ffe,5
inn,1
wnp,1
iff,4
unr,1
rvi,2
" gl",3
men,18
gid,2
wit,22
d l,3
uef,1
oad,1
nti,6
"rs,",2
", g",3
rde,3
ts.,1
alf,3
" ah",1
sph,1
lea,5
y s,9
big,1
","" ",12
fac,6
e o,30
usn,1
nis,4
tui,1
osp,1
orp,1
rri,15
ry ,9
tro,5
" cl",9
" ""S",2
ac-,1
out,20
". """,22
min,3
tou,1
row,2
n b,5
"ll,",5
ean,3
oll,3
llo,1
a. ,3
ott,1
tto,2
odd,2
mi-,1
ea-,1
mon,5
fec,2
ves,8
him,7
tay,2
g i,5
o a,6
fus,2
" fl",5
ruo,1
c m,1
rni,3
re ,42
dy.,1
rfa,5
inv,2
nfe,1
"ve,",1
d t,48
gat,1
"lp,",1
x h,1
"th,",3
wil,2
t d,3
-hu,1
ch;,1
tho,10
ls.,2
blu,2
't ,5
ilv,1
nli,1
fti,1
rle,1
nda,1
e w,39
y k,2
a s,10
acr,1
dua,1
rag,3
rio,1
hum,3
vic,1
arf,2
rba,1
bra,2
urr,2
ebr,1
ubb,1
oul,13
get,7
wed,6
r f,9
roo,2
air,9
poi,2
voc,1
f r,1
sup,1
iar,1
tom,1
lou,1
ng ,56
y. ,11
.' ,1
" Bi",6
we',5
lay,6
mov,4
w a,4
nec,2
s e,3
liq,1
reg,4
dyi,1
agr,1
ze ,2
ly.,7
"ne,",5
" ot",9
unb,1
; b,3
nne,1
rm ,1
l t,9
lse,3
t l,6
psy,1
" ph",2
lcu,1
ph ,5
p h,1
ght,21
nk ,9
ds.,2
", w",8
ndi,2
fs ,1
rig,6
vac,1
jaw,1
tma,2
nic,3
y c,8
er-,2
nak,1
m w,3
g; ,1
" sl",5
by ,7
irf,5
ubj,2
te.,1
rry,2
dro,2
bri,5
" ""C",1
- p,2
"s,""",1
" th",249
ht ,12
kep,2
r n,1
gul,2
n r,4
bow,1
wel,1
oud,1
" ex",13
ce;,1
no ,2
ou',1
"s.""",2
r -,1
s m,5
o q,1
sod,2
hau,1
day,6
tai,2
owh,1
w i,2
rf.,1
jew,1
reo,1
eov,1
fes,1
A c,1
" St",1
- H,1
" 'A",1
. I,25
" Up",1
""" E",1
k M,7
Men,1
Wit,2
rtu,1
", G",1
I c,4
y S,4
n B,2
Out,1
Min,2
. A,14
een,14
Tho,1
Blu,1
" bl",12
. Y,1
" Ot",1
eef,2
rte,3
Rig,1
I s,1
Bri,1
By ,1
" Th",31
" 'Y",1
Wel,1
No ,1
g f,4
on ,34
fel,4
dn',4
din,8
lif,3
s r,3
ega,1
age,5
ogg,1
net,2
lan,3
par,1
you,5
ing,69
kne,3
ona,2
"h.""",1
ano,5
gni,1
" ge",2
t w,29
" a ",56
d g,3
"!"" ",5
eme,8
l o,4
id.,2
" ps",1
gio,1
oig,1
"gh,",1
gag,1
kic,1
ami,1
ima,1
chi,6
ohe,1
alo,1
", n",3
"f, ",5
im ,1
spa,2
len,6
ike,9
nat,1
fal,2
m h,3
vit,1
ace,10
def,1
a d,4
per,4
esq,1
ers,10
" su",19
"ic,",2
us ,3
" ce",1
cru,1
st ,24
ses,5
f a,11
"od,",2
n i,10
don,1
hob,1
suc,2
r u,2
ll',2
sta,16
" mi",5
ole,2
" ea",4
sly,2
ldn,1
in.,3
of ,82
lin,17
ywe,1
goo,2
tiv,2
egi,2
o f,3
fut,1
k b,3
dif,2
enc,13
ang,8
; s,1
ofa,1
gna,1
oni,2
uns,1
d o,15
ad.,1
"oh,",1
ch ,18
mem,3
qui,2
", '",1
x s,1
syc,1
ama,1
sis,1
imi,1
nsh,1
am ,2
uls,1
cha,5
r-s,1
phr,2
" ai",4
e-l,2
"me,",1
"em,",2
nth,3
e h,12
ice,5
y t,18
nit,3
ake,2
a l,6
rip,2
usi,3
den,9
" ke",3
abo,7
- a,7
urk,1
" ""R",1
lon,7
bod,10
eam,2
n a,17
por,1
f i,2
rot,1
sms,1
ipw,1
sti,12
" ma",16
cla,6
gle,3
ode,1
ge.,2
vel,4
s b,6
ned,11
w f,1
ful,5
tin,8
iou,3
c r,1
haz,1
liv,4
awe,2
pab,1
" we",24
ew ,8
ly',1
ve-,1
efs,1
ivo,1
" gu",2
d w,18
it.,1
t g,1
rst,8
sac,1
amy,1
rkl,1
cas,1
p c,1
nd!,1
shi,9
eds,1
chy,1
etc,2
ulk,1
rld,1
e-t,1
val,3
e p,4
ase,4
cks,2
lun,3
vid,3
ir.,1
y l,1
a t,1
ism,1
ybo,5
ori,1
" se",34
cre,6
es ,22
gra,6
te',1
urs,5
y -,2
" cu",1
pwr,1
ton,13
ct ,5
rol,3
"r!""",1
hor,6
ces,8
r e,4
eau,3
lov,3
ay ,18
"ey,",1
" my",2
olu,3
wde,1
ved,5
har,3
wn ,6
tan,10
lav,1
fet,1
woo,2
tif,5
k r,1
nel,1
igu,1
" ou",13
"p.""",1
sne,1
ens,4
ne-,1
r. ,8
wo.,1
ow.,1
unc,1
t o,22
l w,5
sh ,1
'th,1
sic,1
h s,6
at.,1
umm,1
yea,1
whe,8
sha,5
alw,1
ope,2
"n, ",7
", v",3
els,1
xpr,1
n-g,1
her,60
or ,25
ise,4
nal,7
lev,1
ten,10
esi,5
nyt,2
icu,1
y d,3
fat,2
d; ,3
uci,1
ms ,1
aro,3
gri,2
" sm",7
"as,",1
r m,5
eye,3
oug,12
uie,1
" ey",3
exc,4
sla,4
ote,1
cti,4
kly,1
You,3
On ,2
g F,1
I'l,1
Ano,1
" A ",4
d G,1
Per,2
Nat,2
- I,1
" Su",1
n I,1
. H,6
" Mi",1
o F,1
I'd,1
" I ",13
", F",1
A l,2
I d,2
f I,1
oo.,1
eem,5
rtl,1
"ee,",1
e P,1
""" T",3
"""As",1
" Ou",1
mme,3
Whe,3
Her,4
"""Ri",1
" Sm",4
. P,3
ept,4
tly,3
" ef",4
tta,2
app,1
o. ,1
pas,3
hic,13
lyw,1
s s,13
bea,13
g g,1
o o,1
"ff,",2
lig,2
nue,1
w w,1
dne,1
" on",22
n't,5
ind,5
anl,1
fe.,2
"ty,",2
ffo,3
wav,8
" pr",4
h j,2
oan,1
d f,9
nt ,12
rse,5
l n,2
gin,1
med,8
cab,1
mut,1
"rd,",1
" af",3
", i",6
" in",53
ts ,6
ell,9
ett,5
ppe,4
yth,3
lk ,2
h -,1
e a,31
ast,10
fie,3
-fo,1
fam,1
akl,1
ryi,1
" kn",3
"k, ",2
ck!,1
ibl,3
art,6
tre,5
" ""Y",2
"le,",2
r t,20
n h,10
" tr",12
ead,10
st!,1
log,4
sub,2
wev,2
ser,3
hoc,1
bom,1
foa,3
mal,3
cur,1
uat,1
omf,1
lli,5
g. ,3
" en",7
ipp,1
tti,1
ddi,7
do ,1
"e.""",2
rui,2
fee,5
g o,3
an',1
gon,1
lio,1
o g,1
bei,1
and,63
" of",85
unp,1
og-,1
nvo,2
d n,2
oin,4
-ho,2
"k!""",1
nsi,8
h b,3
gan,1
mel,1
ued,1
" an",80
" if",6
nto,9
", a",8
xpe,2
f-h,1
flo,1
lmo,5
e i,16
a m,7
ist,9
ray,4
leg,1
deo,1
m a,4
y u,1
er;,1
he ,162
" - ",26
abl,3
orr,7
- b,1
obb,1
"c, ",2
"de,",1
loo,12
nwi,1
rou,16
ll.,3
f h,6
mil,9
two,7
uit,1
mad,2
tow,2
eal,1
gen,1
rps,1
""" s",3
tli,4
iph,1
htm,2
" ev",6
" Bo",1
dly,2
s c,12
his,35
rea,15
g w,2
" fr",11
tio,17
c s,2
daw,1
vem,1
're,3
rmi,1
aft,4
int,16
lve,4
hy ,3
e's,1
nno,1
ve.,3
; h,1
nd ,76
d v,1
win,3
nki,1
met,5
gav,1
th.,3
's ,18
car,3
t f,6
at',1
ith,29
thi,26
ds ,7
udd,6
lpi,1
r-l,1
ull,6
ue;,1
", y",1
y m,1
've,2
isl,2
act,3
tmo,1
u a,1
pec,2
" ""I",8
tru,7
fro,10
urp,3
dre,2
hra,2
ard,8
pe ,1
irl,1
pok,1
eat,14
low,2
b t,1
too,5
hos,4
rge,3
" dr",7
mit,4
y! ,1
rom,8
oun,6
nga,1
r d,1
wef,1
sur,3
-to,1
lly,17
to ,54
" un",11
ng.,3
-wa,1
ple,1
aph,1
hte,1
w. ,1
w o,1
cor,1
ugh,14
own,6
s k,1
o w,7
won,4
pic,2
rei,1
law,1
bey,1
k s,2
rn ,1
rma,1
kgr,1
"ly,",3
ant,13
ne.,2
" ov",8
"""wh",2
ift,2
ow-,1
x b,1
rke,1
t n,5
wif,1
ft ,1
ed;,1
giv,1
sib,1
amp,1
it',1
uld,12
tha,32
rds,8
ath,8
alp,7
ls ,3
-sa,1
phe,1
lpa,1
rai,6
scr,3
hes,4
uch,3
e; ,2
asl,1
ria,1
nie,1
ict,1
"s, ",25
"te,",1
erh,3
hri,1
dju,1
lre,1
" sn",2
arl,2
" ""A",2
voi,5
dow,4
bou,6
mat,2
eit,2
ual,3
r l,2
ip',3
gun,1
ax',1
n p,2
tog,3
. O,5
"""Ad",1
Ind,1
" On",3
d F,1
" In",3
", I",3
I m,1
And,6
eet,2
h B,1
" An",6
" br",23
He ,3
npo,1
" Ev",2
" Fr",7
His,1
oon,4
Pac,1
'Yo,1
eel,3
"rt,",1
Thi,3
pri,1
"""It",1
. W,5
To ,2
Bey,2
eed,4
t N,1
Tha,3
pra,1
r s,9
aig,3
n o,12
oma,4
" de",13
roz,1
eac,5
" tu",2
f g,1
-o!,1
mic,1
" mo",27
"l, ",7
om ,9
clo,4
ge ,4
ypi,1
" eg",1
wou,7
nev,3
hyp,2
w t,8
" ni",4
o l,3
" fa",14
tat,7
g d,1
lyt,1
agg,1
moc,5
s p,1
bur,2
ef ,1
oge,3
k h,1
"an,",1
ine,14
h. ,2
onc,5
ffn,1
t's,5
eni,2
ad ,41
d a,32
"el,",1
"d!""",2
" pu",9
l i,3
il ,2
h m,2
amo,1
mus,2
t q,1
p u,1
" ag",8
cho,2
", h",14
etu,2
xpl,3
ity,7
ila,2
yti,1
-ch,1
ali,2
idi,1
mle,1
ute,1
oke,11
ess,22
" ri",6
e b,18
a f,5
" ja",2
ur ,8
sci,1
bab,1
fan,1
ded,9
cka,1
tud,1
viv,2
usc,2
ura,2
ic.,1
ck ,12
" sw",3
ys.,1
eak,4
uis,2
hol,4
" le",3
omi,1
top,1
ror,6
st.,2
mac,1
fon,1
n g,1
f o,1
kee,1
"d, ",25
sto,3
ots,1
"ce,",2
" fi",20
en ,38
did,3
o d,2
coa,1
" na",2
lf-,2
swi,1
tit,2
ago,1
lil,1
" go",7
ane,4
ife,3
efi,1
kno,1
"ed,",14
gai,6
id ,9
al ,10
" he",40
way,6
cam,8
d i,15
l a,2
t y,1
"ut,",1
spo,1
ele,2
im.,2
ili,2
ala,1
eck,4
mb ,2
fin,6
led,10
sca,3
"- """,2
sky,5
niv,2
zar,1
lut,1
e j,1
" ra",5
raz,1
cki,1
r; ,2
ryb,2
y v,1
a n,1
" co",41
ery,11
uri,1
ors,2
azu,2
eas,6
ht-,2
hot,1
n! ,1
" 't",1
see,9
" te",9
r c,10
gua,1
" du",1
f w,5
lop,1
wea,1
ix ,1
slo,2
we ,6
lth,1
epe,2
rpr,1
hip,5
til,7
g t,16
mos,6
" va",1
ber,4
lit,8
owe,5
w d,1
ff?,2
bub,1
ave,13
ons,11
uni,2
inu,2
; i,2
sno,1
e'r,3
t a,21
at ,53
cau,3
aug,2
ems,2
mes,3
xcl,2
sim,2
squ,1
" pe",3
"ul,",1
l y,2
x m,1
muc,1
"r,""",1
" aw",3
ete,5
iti,1
aly,1
sho,5
ude,1
-sh,1
lph,5
ata,1
" yo",5
nin,4
er ,62
fiv,6
det,2
ted,17
bar,2
e r,8
esc,2
ska,1
y n,1
are,12
is.,2
abu,1
era,4
ks ,3
ork,1
n w,10
uic,1
ax ,4
sem,1
bor,2
mas,2
sme,1
wei,1
rob,1
ip ,1
"t, ",14
"se,",4
t-c,1
ay.,1
ou ,5
tal,8
s h,7
wom,6
lat,2
dit,3
hap,7
un ,4
o t,13
tid,1
" vi",2
zur,2
ive,14
" wo",29
so ,8
evi,2
p. ,4
efy,1
" ow",1
gns,1
ifu,3
; a,2
w -,1
l's,2
"wo,",1
t i,14
tch,5
sam,4
it ,19
d y,1
" hu",4
ues,3
"?"" ",2
h u,1
ita,8
ati,13
", p",2
"ky,",3
ily,2
ady,1
ski,1
rib,3
ose,8
y f,7
uck,4
aso,1
let,2
nan,1
"ar,",1
nif,1
cky,1
tel,2
eks,1
" so",20
ibu,1
aze,2
ire,2
arm,4
eri,8
"gs,",2
te-,1
""" B",3
. N,3
" Fa",5
h M,1
" by",7
e B,1
A f,1
" Le",1
. F,1
" Na",2
" Go",3
'An,1
" He",8
d I,1
ees,1
" Ra",5
I f,1
" Co",1
Non,1
We ,1
""" R",2
oom,1
"oo,",2
" Pe",6
At ,2
eek,1
" Yo",1
" bi",1
ssi,1
"""Sa",2
! W,1
Bor,1
"""Ye",1
gge,2
Wom,1
So ,1
I'v,1
" Wo",1
It ,21
t I,4
", P",1
" ba",9
y F,5
ssa,1
Let,1
" So",3
ss ,14
" sp",7
bru,2
erv,6
arr,2
rre,3
- l,1
bbe,1
abb,1
"ry,",2
mbn,1
azz,1
obl,1
ll ,35
f f,3
set,4
""" """,4
n n,3
ced,4
yin,4
uar,1
sud,4
cut,1
kel,1
d-h,1
m. ,4
ce',1
" ed",1
"o.""",1
n -,2
res,8
new,3
ruc,5
k i,5
lam,2
ign,3
coh,1
bec,1
hai,1
bus,1
o m,4
" oh",1
eff,4
rve,3
nny,1
rfu,1
ond,11
pse,1
kid,1
emb,3
l h,3
t p,3
ien,2
h l,1
p t,5
mur,2
sat,3
cad,1
rs ,5
nte,7
bla,5
atr,1
zli,1
" il",1
" ad",3
xpo,1
fle,1
dee,2
e c,11
hei,19
bac,6
! ',1
a g,3
s; ,1
ras,5
lem,1
fig,1
u s,1
ort,9
" ch",9
ny ,4
urn,5
ibb,1
bje,2
"g,""",1
irr,2
nri,1
- d,1
" ""W",2
ked,16
ld ,16
ain,9
now,10
oup,2
"pt,",1
pou,3
-li,4
ian,2
twi,1
n f,4
foo,1
hom,1
f n,1
ros,1
e. ,27
" Bu",7
stl,2
" el",1
w-s,1
l-h,1
c-g,1
k a,7
lim,1
jus,4
en!,1
rms,1
ion,24
jec,2
o e,2
die,3
"lf,",2
s? ,1
onl,2
bne,1
d h,25
ed-,1
cal,6
nt.,1
-hi,1
cid,1
xcu,1
ief,1
x t,1
lki,1
sit,3
" al",19
edn,1
opp,2
", c",4
"ns,",1
bli,2
adj,1
elf,7
rly,1
rda,1
spl,1
ths,3
y w,11
ost,6
hea,6
ris,5
lee,2
dem,1
arb,2
bre,6
erf,1
urv,2
orl,1
" ""O",1
sed,10
rok,4
r b,5
ear,13
hou,11
f v,1
"ht,",1
oth,20
plo,2
lls,1
mor,9
rec,4
tim,11
s a,25
got,3
awf,1
rus,2
bes,2
g u,2
owd,1
egr,2
"y, ",16
pno,2
unn,1
ne ,16
ont,8
nni,1
uff,2
"rm,",1
rfe,1
d p,8
sil,7
mer,4
cat,4
umb,1
nsw,1
ft.,1
gh;,1
nde,14
" at",16
pho,1
oph,1
flu,1
hs.,2
e s,59
hey,24
pea,2
y o,9
a w,4
er!,1
rac,5
tee,2
u c,1
" sh",22
ord,9
hro,2
fra,1
" ""G",1
- t,3
pe.,1
mar,9
lwa,1
eir,19
sel,11
r j,2
roc,6
cul,4
ctl,1
"ng,",5
rha,3
" Be",2
u. ,1
gth,1
s i,15
awn,2
lau,2
wol,1
yon,3
veg,1
tam,1
few,1
owl,1
ve ,18
" wh",31
"re,",3
nna,1
" op",1
rne,4
; f,1
nfi,1
t h,12
nd.,3
th ,35
h t,11
sid,8
cit,1
sal,1
" pl",2
nco,2
it!,1
l p,2
's.,1
 It,1
fte,3
" it",35
", s",18
rk ,6
elv,3
bly,4
alr,1
nig,4
lue,2
y g,4
ric,1
dum,1
nyw,1
isf,1
m s,1
vag,1
n N,1
Cut,1
Sud,1
. M,2
""" A",2
God,4
New,1
k I,1
"""On",1
Mur,2
" Ad",6
" ""w",2
! H,1
"""If",2
. E,1
oot,3
d H,1
" I'",3
" Al",3
I g,2
pro,3
Oth,1
ggl,1
Mer,10
" At",2
rti,1
Fra,7
" Sh",2
. U,1
ood,5
s I,1
" Wh",5
eeb,2
" It",19
rta,2
", S",1
y G,1
I w,3
" "" ",3
ter,25
aca,2
hen,10
e d,9
use,7
rat,8
" ro",8
ock,12
ici,1
bil,1
aki,1
u t,1
ckg,1
wre,3
" ca",18
" ki",2
ac ,1
gru,1
" lo",22
f e,3
n m,1
ol ,1
" tw",7
iqu,1
ngt,8
ste,8
wly,2
ea ,7
odi,1
aps,3
kle,1
ctu,1
"l,""",1
gli,1
eho,1
en.,3
aga,6
tar,8
igi,2
s v,3
" no",16
g b,4
but,8
han,6
ret,6
nep,1
c f,1
ege,1
coo,1
inc,6
" ga",4
ank,7
one,21
wfu,1
e'd,2
n's,4
f. ,1
mfo,1
was,43
ime,11
" ho",10
oic,6
l k,2
saw,2
t s,10
d c,8
'll,4
nct,1
cio,1
que,3
amm,1
ema,3
h o,4
th;,1
mea,3
d! ,1
me ,21
spe,5
" qu",3
em ,10
etw,6
"am,",1
edg,2
"b, ",1
alk,2
ka.,1
e l,10
ica,7
y p,4
rit,3
jad,1
aci,3
lur,1
ur.,1
ck.,6
ak ,3
ic ,9
"us,",5
ys ,2
ny!,1
oru,2
he',1
e -,5
irs,6
bbl,3
zzl,1
not,13
f m,3
ous,10
" do",8
hon,1
od ,3
n e,5
up.,4
-tr,1
rop,3
tor,4
"st,",2
aim,2
r y,2
" me",16
ce.,8
rph,2
upo,2
oli,1
cle,2
gla,1
ips,1
" em",1
""" h",3
o b,6
" fo",20
hin,19
mom,2
"on,",1
tir,1
swo,1
uou,1
dib,1
unw,1
ink,3
anc,3
ig ,1
efo,1
e'l,2
" gi",3
eng,2
ed.,10
gh ,9
ame,16
h g,3
l c,5
gic,2
emi,2
kag,1
wis,1
imm,1
ut.,1
ntl,4
its,5
thr,7
che,8
ue ,3
", b",11
ds;,1
shu,1
alc,1
" am",1
e t,36
y h,10
tur,10
ril,15
fax,5
der,18
rad,1
isi,3
hun,1
icy,1
h; ,3
a p,1
as ,57
" sa",25
cra,5
oze,4
arc,2
gre,8
orm,2
erg,1
aye,2
r a,18
ges,2
doz,2
pon,2
smo,1
ody,9
oti,4
my ,3
stu,3
cte,2
" Bl",1
red,20
s f,5
mou,1
awa,2
bet,6
tab,3
w b,2
soo,4
ewe,2
dar,4
egu,3
pin,1
g r,1
"f?""",2
rut,1
uge,1
" wa",62
aw ,3
"t.""",2
ins,7
d s,31
t! ,2
sio,6
nst,7
uma,1
t c,4
ul.,1
"ye,",1
whi,18
atc,3
"r, ",10
i-t,1
opi,1
cy.,1
f-s,1
" au",1
fix,2
ral,2
m t,6
mse,6
pen,4
ryt,1
er.,5
rid,1
" si",16
ark,9
is ,34
rbl,1
"es,",10
ore,7
ero,4
cri,2
" to",60
ot ,8
ouc,1
r i,4
vol,3
ep.,1
n u,1
ht',1
ngl,1
ey ,27
sle,2
"t,""",5
ldr,2
s.',1
clu,1
ota,1
"ay,",4
se.,3
" mu",6
-gr,2
o r,3
hav,3
" vo",6
s n,5
pan,3
bul,2
lar,7
daz,1
eou,1
n. ,13
ove,20
" wi",27
ung,3
evo,1
ans,2
sfi,1
u'l,1
sna,1
wne,1
p o,2
l s,2
wak,1
ncl,1
" po",5
rch,2
oas,1
sig,2
h w,5
et.,1
als,5
she,11
wha,3
" ye",3
", r",4
ndl,2
Bil,6
I h,1
. L,1
" No",5
But,7
One,2
" Ho",7
Why,1
Hon,6
Not,1
" Do",1
" Me",11
""" H",5
. D,1
" Fo",1
oos,1
"""Go",1
Thr,1
" bo",8
ss.,3
Doz,1
Lor,1
""" P",2
"""Yo",1
ook,12
s F,1
' S,1
rth,4
Whi,1
Ral,5
Asi,1
" To",2
. T,30
" Mu",2
" Wi",2
mma,2
She,2
ee ,5
all,22
", m",10
nds,1
" ab",7
phy,2
ild,6
att,7
ps ,4
add,3
ich,13
e e,7
est,7
pew,1
a a,4
fai,1
tes,2
uct,1
asp,2
arp,1
"o, ",3
tra,15
de ,5
urd,1
ert,1
ken,5
wer,10
rp ,1
r p,5
aid,8
n l,3
ngu,2
f d,5
omb,2
rwa,1
suf,1
gur,1
sev,1
k. ,7
ho ,2
dde,11
tte,5
lle,4
ply,1
k o,6
igh,18
bee,5
lic,3
wor,11
s w,10
con,24
ywh,1
nua,1
hig,2
g c,2
w s,1
onf,3
enl,3
" wr",2
d b,20
t r,4
nse,3
war,4
aut,3
cin,1
rky,1
rsa,1
sav,1
ill,28
blo,2
uth,3
itt,5
d -,7
", e",2
ulp,1
rs.,1
a-c,1
"ts,",1
xpa,1
fts,1
e m,11
ach,6
lus,2
m e,1
usl,2
ar;,1
isp,1
lec,1
le ,17
tri,4
rro,6
"g, ",4
ebl,2
es?,1
pt.,1
f l,4
nou,1
od!,2
n d,3
our,14
ail,3
b h,1
st-,1
pow,1
cen,5
sun,6
ial,1
dle,2
c. ,1
exp,8
lde,1
"a.""",1
fea,2
lik,9
ney,6
lac,8
o c,4
dic,1
tis,2
end,9
y's,3
unt,3
be.,1
onn,2
ty ,4
off,3
ru.,1
efl,1
; t,1
kin,7
can,4
wir,1
ied,10
l b,4
gib,1
"nt,",6
", """,3
rd ,3
yet,1
rsi,1
"o!""",1
iml,1
cif,1
d j,1
meh,1
" ar",7
xha,1
nts,1
phi,1
spr,1
r-h,1
rk.,1
e u,5
ect,8
ish,3
ust,6
"."" ",10
des,4
ych,1
or-,1
y i,3
a q,1
orn,3
dra,1
te ,7
hre,5
" cr",10
erd,1
" ""M",1
f t,37
los,5
ht.,2
nge,5
how,6
eap,1
ger,1
fou,3
roi,1
str,16
exh,1
llu,1
" er",1
mot,5
lis,2
s g,3
son,1
tac,3
g s,7
ree,10
c w,2
nea,1
ly ,31
" gr",16
eft,1
unl,1
onv,1
"y,""",1
sin,7
nce,24
t b,8
p f,2
d r,4
et',2
rl ,1
id;,1
aud,1
the,213
t -,5
", u",2
eth,10
pha,1
" ir",3
alt,2
" az",2
hs ,1
les,9
y a,13
rie,7
m u,1
fyi,2
ram,2
ash,5
nia,1
hug,1
a y,1
u m,1
bro,10
dri,4
try,1
n t,30
roa,2
sen,5
r h,4
s. ,19
tle,9
ey',2
t-f,1
pla,2
s o,26
o s,11
tic,5
rem,6
ewl,1
las,8
dis,2
cov,3
nei,1
tak,1
rme,1
dy ,10
" or",9
ent,20
und,9
re.,4
"hy,",1
gaz,2
yed,2
l r,1
sif,1
san,6
iet,1
"nd,",3
gir,1
All,3
Add,7
", M",1
Fai,5
! B,1
"He,",1
Con,1
"""Th",4
h N,2
t R,1
  I,1
e M,2
. C,1
eep,4
h F,1
rto,1
How,1
""" W",2
Str,1
d R,2
The,27
" Ir",1
pre,3
