話しす,2
のはそ,1
心の持,1
分の書,1
てほめ,1
きまし,21
びしま,1
屋へ歩,1
ーの紹,1
げな挨,1
。エジ,1
そうじ,1
音を聞,2
男のよ,1
" ジリ",1
テルに,2
ストま,1
り心に,1
は一切,1
まで、,2
友達が,1
信じる,1
かな田,1
もウエ,1
ゴがお,1
と は,2
私がと,1
し込ん,1
あり ,1
性とそ,1
女が段,1
から四,1
あふれ,3
見まし,2
飛び出,1
レープ,8
自分に,2
狂から,1
、一語,2
コート,1
で私が,3
場を乱,1
そのと,5
れはた,1
が、よ,1
でのあ,1
眺めて,1
ーズも,1
彼は私,4
への紹,2
も視野,1
よ、お,1
彼は愛,1
を顔に,1
いたこ,2
もなに,1
達男が,1
りステ,1
に戻っ,2
ときは,2
男は落,1
はしな,3
" るう",1
・デア,1
やらを,1
す、運,1
がかか,1
デアに,1
ため開,1
は彼の,1
" 人が",1
には「,1
レイが,3
を通り,1
お 友,1
た一連,1
私の美,1
可能性,1
をひか,1
一四年,1
一大警,1
いてき,3
、ぶ ,1
ではあ,6
巡査。,1
び声を,1
子の男,1
グ帽 ,1
。 実,1
" とん",1
合いに,1
国イン,3
" 男が",2
。真夜,1
たいな,1
決め、,1
産業者,1
なくす,1
第三章,1
アをノ,1
けなが,1
ド公安,1
ってイ,1
．まで,1
間がい,1
感情で,1
いるア,1
の晩は,1
だける,1
を呼び,1
なほど,2
け白い,1
れでは,2
葉 づ,1
「結構,1
に何気,2
ないこ,10
お母さ,1
まれに,1
尉への,2
手紙も,1
る黒服,1
。すべ,1
はお話,1
中庭と,1
読むと,1
ないわ,3
取った,1
を抱え,1
．Ｌ ,1
でたあ,1
新聞の,1
たら！,1
きずる,1
たま ,1
ドン滞,1
こえま,5
のか、,1
っとの,1
年が入,1
お帰り,2
うかね,1
ひっぱ,1
り上げ,2
げずに,1
てき」,1
あ、ウ,1
よく着,1
あさら,1
わに手,1
なりま,7
" トラ",1
的な誇,1
からね,2
で、こ,2
勢で立,1
言葉 ,1
ぶい金,1
何気な,2
声をひ,1
" お会",1
と、彼,1
壁を這,1
ら顔を,1
が最後,1
「どん,1
あるの,5
は開け,1
トがど,1
赤面 ,1
私は見,1
り出て,1
るで ,1
からロ,2
家が聞,1
。また,3
さんに,1
ちかえ,1
五分ほ,1
性が怖,1
せがま,1
を私と,1
さや ,1
き合い,4
ス人の,3
り給う,1
ールー,1
白いシ,4
れた山,1
の奥へ,1
婚者に,1
たわ。,1
して机,1
の弟さ,1
日中は,1
っとす,4
けの付,1
が。そ,1
なこと,10
た。「,20
リス人,13
。大好,2
ただ私,1
。お話,1
たの…,1
いる友,1
うやら,1
力でし,1
な ら,1
。それ,19
、英国,1
で、イ,1
んが王,1
くよじ,1
悲しみ,1
なり、,1
知らな,3
ろがそ,1
たの従,1
ついて,5
て！」,1
番地か,1
風はや,1
ように,19
いわ」,1
では隅,1
トはま,1
席から,1
あけは,1
ともっ,1
め、 ,2
彼が教,1
残念な,1
" まだ",1
の汗を,1
はニュ,1
、奇妙,1
すから,5
もって,2
私に強,1
" のこ",1
私の頭,1
言った,7
実はこ,1
があ ,1
スでは,1
。 も,1
だ、新,1
顔にと,1
抱えて,1
はきっ,1
アパー,9
みます,1
な男」,1
りの落,1
な自分,1
けで一,1
ちまし,1
じるパ,1
緒にい,2
隅に、,1
" 土曜",1
。あや,1
" お答",1
気づい,1
にいち,1
がとて,2
" 「わ",3
。きれ,1
は、な,1
く、お,1
てはい,1
る部屋,1
浮かん,4
れを突,1
に口説,1
私は、,4
だけ多,1
けを ,1
" にと",1
。 え,1
ぐそう,1
がら、,9
めは馬,1
き、 ,1
りわけ,3
かね？,4
か。 ,4
教え ,1
。誰か,1
そうか,1
ストは,16
服され,1
彼女が,3
" 争い",1
の電話,1
親のほ,1
容に興,1
もあな,2
」と女,1
なた ,2
ンに行,1
す！ ,3
いであ,1
だと分,1
かけは,1
染まり,1
親愛な,2
午後、,1
名な人,1
相手の,2
初めて,3
ただろ,4
をやっ,1
ので面,1
おびえ,1
雑する,1
スより,1
暗闇の,1
はまじ,1
は」ブ,1
前に浮,1
た ち,1
り差し,1
わよ」,1
を二皿,1
まうも,1
スを調,1
" 相手",1
シ形の,1
例のな,1
紙を出,1
ントン,1
を悪く,1
大警世,1
た手紙,2
なるで,1
の名所,1
しい口,1
くほか,1
て、女,1
ンター,5
ーはな,1
と不安,1
。古い,1
くに違,1
りに ,1
ルグ帽,3
……ア,1
王子た,1
必ず証,1
" ぐろ",1
隅の席,1
ッテル,1
りこま,1
きしむ,1
は「 ,2
。「無,1
は庭を,1
言い、,1
たプロ,1
てるか,1
の欄っ,1
に興 ,1
女の侮,1
強烈に,1
巨漢で,1
警部」,1
うでも,1
いけな,2
が紅く,1
った時,1
はつづ,1
しい一,1
ちょう,4
大声で,1
る控え,1
から乗,1
「イチ,4
めなさ,1
に、手,1
は、乱,1
しい心,1
とい ,1
くれと,1
とに不,1
クのワ,1
くにか,1
なあ。,1
に立ち,4
" 務所",1
……フ,1
出てく,1
束する,1
。しか,16
た魔法,1
くぞ。,1
。グレ,2
っぱい,3
近感を,1
分がこ,1
名所も,1
性です,1
んも大,1
紙を最,1
いては,1
誘うの,1
敗とい,1
本必要,1
書斎で,1
彼に満,1
、そう,2
らでの,1
私は百,1
言うま,1
る、そ,1
て机を,1
中に白,1
彼らを,1
顔が私,1
きにわ,1
れもな,1
蔑にあ,1
うに暑,1
言いま,21
入れ！,1
がえし,1
い階 ,1
けなの,1
いも ,1
、こぎ,1
目つき,2
中でち,1
のすぐ,1
玉とな,1
たい。,2
っても,11
断なさ,1
んだと,2
うする,1
寝てい,1
ち ま,1
ティー,5
最初、,1
ア連隊,1
いるう,1
ってい,51
の投稿,3
しかも,1
だ、と,1
かれ、,1
先に立,1
て君の,1
。ウオ,5
らフレ,1
口ひげ,1
ないね,1
うのロ,1
" 書斎",1
そりし,1
乱した,1
" つづ",2
うと惨,1
。カー,1
に言わ,1
" しな",1
せるな,1
た。た,1
い口調,1
日の失,1
彼はは,1
荒々し,1
まにし,2
て、部,1
の苦悶,2
は自分,2
は夢に,2
トラル,2
う、彼,1
" と取",1
" ウオ",3
初の晩,1
" 途中",1
例の奇,1
、毎日,1
回は…,1
その堂,1
はめっ,1
は愉快,1
喜びに,1
で、冷,1
は 雲,1
、乱れ,1
て戻っ,1
" が、",2
の二年,1
をする,3
父親の,1
店のあ,1
るあい,5
崇め、,1
なにか,4
う感じ,1
の大移,1
き人は,1
を急い,1
" はし",1
の日は,3
みがい,1
な大通,1
ました,166
インク,1
ある晩,2
を与え,3
それで,5
場所に,1
なにシ,1
た窓か,3
と私は,6
は地上,1
極めて,1
びた男,1
き大尉,1
会に来,1
証人に,2
らびや,1
がまる,1
と鳴ら,1
下宿を,2
動き出,1
の片隅,1
たまえ,4
目見て,1
ま。 ,2
話 は,1
で降り,1
状の一,1
母国で,1
片隅に,1
いもの,2
が、例,1
女は読,1
問 題,1
でもそ,1
終わり,1
ーから,1
べる質,1
ルマン,1
すぐさ,2
二つの,1
、 ひ,1
ードか,1
ーとは,1
一ラウ,1
食べお,1
か金の,1
" 「ま",1
フル ,1
う。気,1
全然イ,1
でさえ,1
の間も,1
れぬ求,1
いどさ,1
は大切,2
。イン,3
んな思,1
謎につ,1
関係し,1
イは私,1
に見は,1
とウエ,2
のよ。,2
に棄て,2
有益で,1
と ら,1
くらっ,1
民はこ,1
にわた,1
を取っ,1
けて階,1
ス流の,1
いシナ,3
と聞け,1
都市に,1
浪の旅,1
夢です,1
も言い,1
を高く,1
で私の,1
い？ ,1
に語り,1
ろん私,1
美男子,1
館めぐ,1
固とし,1
彼を悩,1
めをは,1
もつき,1
" でし",1
しょう,23
れじゃ,1
は大き,2
、と彼,2
に戻ろ,1
と打診,1
。切な,1
。一つ,1
品定め,1
が言う,1
私は若,1
在した,1
その ,2
「なん,1
入り、,1
がき苦,1
ら輝く,1
らの手,1
する音,2
その手,2
を踏み,1
は彼が,1
ーツの,3
訊きに,1
う花壇,1
" むこ",1
らを中,1
僕は…,1
、完全,1
「エン,1
音が、,2
この魅,1
うに載,1
た用事,1
申し上,2
に終わ,1
う。紹,1
方。手,1
ことに,19
" あげ",1
クと紙,1
で身体,1
ざわめ,1
は」と,2
差し迫,1
から話,1
の時の,1
は誰だ,1
しく横,1
礼を失,1
れはあ,1
が置い,1
て三十,1
？」グ,1
ト月前,1
人に会,1
ぐ 外,1
かし、,2
なら、,1
くるや,1
って頭,1
ルのレ,2
またま,1
正なイ,1
国王ジ,1
しよう,2
その熱,1
、部屋,3
を使え,1
典でテ,1
、国会,1
も仲の,1
ぞって,1
か」 ,1
とに ,1
事館に,1
熱いお,1
尉はこ,1
アはば,1
ま ぼ,1
らわれ,1
ペンと,1
若くて,1
ていな,4
には、,6
。昼に,1
大通り,1
絡する,1
喧騒 ,1
的な顔,1
あの輝,1
はなた,1
にはめ,1
めの夕,1
が弱々,1
……あ,1
四年、,1
は依然,1
と、長,1
スの王,1
カ月経,1
この都,1
いぜい,1
の心を,1
はばた,1
カレッ,1
ウの ,1
とを去,1
な夜明,1
帽は？,1
。他の,1
聞かせ,1
記事も,1
思いを,3
たいし,1
端から,1
に面し,1
がら真,1
者 が,1
視野に,1
げてや,1
は近々,1
花壇を,1
なくな,1
嘩や、,1
" 死亡",1
大好き,4
んだス,1
回廊ま,1
り抜け,1
？ …,1
ぞ。そ,1
、私に,3
スはそ,1
の自室,1
控えの,1
住 む,1
だけ。,2
でくだ,1
私に語,1
なじよ,3
間だっ,1
人が私,1
は頼り,1
選択に,1
けるだ,1
ス人が,5
るスト,1
とエロ,1
が届い,1
めるな,1
音でわ,1
こめて,2
した激,1
うして,3
" 道の",1
やく祖,1
生動物,1
から不,1
押しか,1
ったら,1
度も謎,1
をつ ,1
ンスの,2
とを、,1
筆をか,1
ンド人,2
らを振,1
男がス,1
紙がこ,1
いのも,1
うと私,1
" 「心",1
このか,1
感じな,1
でいた,6
きっと,2
ある喧,1
" も少",1
がなに,1
で、も,1
がここ,2
は座れ,1
やがて,1
の木…,1
彼の従,1
の隙間,1
屋を歩,1
の殺人,2
尉の弟,1
ぜかと,1
劇的な,1
さい…,1
て い,8
開く、,1
き耳を,1
けにし,1
分に彼,1
ぎりで,1
動的な,1
で威勢,1
ネク ,1
つうじ,2
ンへ入,1
載って,2
サスの,4
じアパ,1
作られ,1
どく神,1
「おま,1
たはそ,1
た！ ,1
る立派,1
「ジェ,1
くまで,1
ランド,7
かなる,1
口に立,1
姿を見,1
斎に座,1
かで、,1
愉快な,1
も整え,1
あの闘,1
晴 ら,1
では私,1
やかな,4
な支配,1
でもよ,1
、手に,1
知り合,3
しみ、,1
けの姿,1
呂で身,1
残って,1
ため息,2
笑が浮,1
径、丸,1
る 音,1
やまち,1
、夜に,1
け放た,1
で見な,1
には許,1
いわ。,2
依然テ,1
起きし,1
ットを,1
面がさ,1
私は思,2
い る,4
もしろ,1
ばなら,4
アーチ,14
がウオ,1
ら下準,1
けにウ,1
口調で,3
た三週,1
いと言,1
ぶらぶ,2
が、話,1
い手紙,2
早かっ,1
つづく,1
も判断,1
屋のバ,1
方向へ,1
す。こ,2
用のス,1
休暇の,1
も部屋,2
わが愛,1
上に ,1
的な口,1
上 の,1
さい。,5
会いま,2
者はい,1
とだけ,2
ごとそ,1
げく、,1
上げま,2
スが出,1
わせよ,1
沈黙が,1
る。そ,5
。 そ,12
でして,3
" て窓",1
は悲痛,1
もので,7
日の土,1
だ。イ,1
…兄と,1
そうい,3
響き渡,1
被告の,1
メリ ,1
主だっ,1
たにぶ,1
するか,1
トンス,1
性の、,1
ょって,1
らい。,1
たの目,1
紳士も,1
ても気,1
ゴ狂か,1
が、ナ,1
が予想,1
ル ラ,1
来なけ,1
くのイ,2
て夏 ,1
より。,1
リア ,2
の一通,1
どうす,1
は笑っ,1
が決し,1
ただグ,1
シント,1
曜日の,6
の手に,1
のに興,1
にやっ,2
しこれ,1
男性か,1
不安を,1
をいた,1
柔らか,2
掛かる,1
に美し,1
てもの,1
も君が,1
彼は感,2
を話し,3
じたこ,2
いたし,2
消えま,1
シェパ,1
ターを,1
しよし,1
彼に言,1
前なの,1
ずうし,1
夢を。,1
には指,1
たしま,2
と緊張,1
査が新,1
は捕ま,1
双子は,1
レイザ,11
賜 暇,1
書こ ,1
地下の,1
めにも,1
彼のせ,1
を覚え,3
室でそ,1
人に ,1
人魚よ,1
の訪れ,1
形のネ,1
、隣人,1
が み,1
、見る,1
によこ,1
れ。あ,1
いに頭,1
。紹介,3
は、失,1
。信じ,1
楽しみ,1
カレー,1
ちに出,1
達にふ,1
合いで,1
邪魔さ,1
は、好,1
き、慰,1
びやか,1
" とこ",1
けた後,1
厳禁で,1
期でし,1
はこう,1
のレス,2
ぶ机の,1
待って,8
こ の,1
時五十,1
ックす,2
ート前,1
った期,1
る恋人,1
ッ ジ,1
がどん,1
いるウ,1
厳しい,3
」とい,4
いう記,1
リヴァ,1
きだか,1
杖はや,1
を一目,1
ブルで,1
思われ,4
ないく,1
から五,1
庭に彼,1
" ね」",1
とを詫,1
めるほ,1
白いも,1
ない』,1
ールド,1
金髪。,1
うわの,1
なので,8
ないニ,1
命が ,1
劇がア,1
ヴァー,1
トの管,1
よ風と,1
らつい,1
にも訪,1
とさせ,1
はスト,1
うとか,1
べき ,1
皿くれ,1
尉であ,1
かに客,1
。 五,1
ーの喫,1
にかあ,1
」 ウ,2
親切で,1
安な気,1
祈りを,2
目を通,1
」 だ,1
焼ける,1
「デュ,1
父親が,3
安を感,1
なじと,1
の最初,2
た状況,1
ーアく,1
れとい,2
謎もあ,1
いるド,1
気を悪,1
ん臭い,1
の庭に,1
がしま,1
扱うの,1
至りで,1
いる、,1
入った,1
ったに,3
ンスが,4
も憂鬱,1
せたこ,1
た。あ,5
っとさ,1
スが私,1
で去り,1
。仕事,1
、しか,3
一切の,1
朝をわ,1
々しく,2
、苦悶,1
、失礼,2
の後、,2
たんじ,1
い沈黙,1
所に誘,1
つくし,1
た。態,1
ーのお,1
真ん中,1
ひょっ,2
トルー,1
誰もい,1
殺人者,1
私のホ,1
れた住,1
た。テ,1
れるで,1
いのな,1
つきの,1
の隣人,1
重い音,1
す、 ,1
はふた,1
" どと",1
小径が,1
の失望,1
追いか,1
も信じ,1
埃っぽ,2
よ う,2
都会に,1
ズをは,1
、オー,1
に行く,3
ひとも,1
私は巻,1
いう感,1
こカー,1
が愛し,1
なにも,3
う地獄,1
ぎり、,1
な、ど,1
ちつか,1
胸騒ぎ,1
流の冷,1
顔につ,1
返した,1
つまれ,1
を訪問,1
明ける,1
、と言,2
は墓場,1
な 気,1
らはカ,1
欄」と,1
らすこ,1
に。若,1
。 が,1
る。が,1
を書い,3
の証人,1
まか ,1
ひげを,2
そめて,1
で振り,1
に監禁,1
" たつ",1
詩だっ,1
にここ,2
のご婦,2
覧にな,2
ぴかに,1
、テン,1
の上に,9
もあの,1
ん」と,4
むのを,1
うは思,1
口へ行,1
んとか,1
き庭な,1
たみた,1
らは時,1
を、こ,1
鰐がお,1
尉。 ,1
のこ ,1
に苦悶,1
愛想よ,1
がら熱,1
が食 ,1
ただ、,2
庭に、,1
歩いて,3
くもば,1
てもす,1
のテキ,2
なたが,2
の見本,1
。ドア,1
いる長,1
ンは？,1
のを、,2
まう。,1
く明滅,1
き で,1
はじけ,1
て雲の,1
めたほ,1
連絡し,1
、例の,1
に、庶,1
彼は悲,1
あいだ,11
よし、,1
のを見,3
に下へ,1
をお願,1
は失礼,1
隠して,1
味ある,1
を持っ,6
では？,1
見て落,1
がぜひ,1
必要な,1
を帯び,1
ど離れ,1
理解 ,1
廊下に,1
刺殺さ,1
とう彼,1
トであ,1
な様子,2
町です,1
彼らは,2
んか！,1
" てい",3
当惑さ,1
が七時,1
カ 人,1
につづ,1
" が裏",1
あの妙,1
" カ人",1
るのか,6
りに恋,1
と……,1
と、ま,2
もにあ,1
そく机,1
ウロウ,1
意味も,1
トは豊,1
はしば,2
すみな,2
たよ、,1
" 彼女",6
中年紳,1
いつに,1
葉には,1
おかし,1
かを説,1
で多く,1
をきわ,1
査を受,1
ピンは,1
はヘイ,1
れなか,2
プソン,1
めてな,1
離れよ,1
席につ,1
" 痛々",1
ではウ,1
。彼女,6
かし ,3
は新聞,2
しくじ,1
書斎に,4
むいた,1
い」と,2
コガネ,3
と呼ん,1
新聞売,1
る大衆,1
私の信,1
の貧困,1
夕食 ,1
ろ げ,1
次のメ,1
出会う,1
昨日ず,1
名物と,1
、お嬢,2
た。真,1
私は奴,1
い側に,1
っぷり,2
尉のも,1
ド街の,1
に、冷,1
でも言,1
きでし,1
く都市,1
持ちは,1
" 感じ",1
ゴのこ,1
へ 一,1
づけま,1
こうと,5
カ人を,2
な方 ,1
らで台,1
ッグス,1
なじソ,1
ネット,1
は、私,1
くれ、,1
壇のあ,1
在の間,1
も聞こ,2
りと自,1
。英国,1
うのど,1
庭を、,1
" が平",1
月経つ,1
た。月,1
り次い,1
開いて,1
のとき,6
" して",4
た。こ,9
…この,3
っとい,2
たそが,1
帽 が,1
金髪の,2
その発,1
は少々,1
感じた,5
ジは、,1
ールで,1
度と会,1
私のぎ,1
" に会",1
野なア,1
恋しく,1
クトリ,1
そそぎ,1
」 あ,2
きのフ,1
の謎が,1
かとレ,1
くアメ,1
のうち,1
らず通,1
鉄製で,1
、おや,2
れるよ,2
から揺,1
約二十,1
ま、お,1
る一人,1
んでい,10
も眠れ,1
っと幾,1
か。み,1
た勇気,1
忘れも,1
手にし,3
、二人,1
過ぎる,1
めて置,1
関は開,1
っこり,1
" だけ",3
予定に,1
しなも,1
んで。,2
私の願,1
の水を,1
明しな,1
のが聞,2
然立ち,1
ですが,17
。ピカ,1
しない,8
い愛の,2
ョーの,1
・ホテ,17
に屈し,1
しはじ,3
" のと",1
者とな,1
夕食の,1
段を下,1
証人で,1
スの汗,1
です ,4
私はぶ,1
う次官,1
のあけ,1
を無視,2
全に征,1
が怖気,1
です。,59
テン師,1
直し、,1
てひど,1
。約束,1
を出た,1
こに ,2
させま,1
結婚を,1
は、そ,4
時。失,1
ーに執,1
ドアの,1
にむけ,2
じまし,1
いませ,7
て、あ,3
すくな,2
ると ,3
出かけ,2
的確な,1
ズ劇場,1
歯をへ,1
がいっ,3
ト氏の,1
か異教,1
りの、,1
、期待,1
くとも,2
悪い癖,1
人 だ,1
ストも,1
地に立,1
食室で,1
だ、 ,1
と頬が,1
に暑か,1
しゃる,3
るにい,1
で一週,1
駅から,1
くらで,1
父さん,3
悲鳴を,1
・レイ,1
所であ,1
は生き,1
曜日も,1
らいな,2
い憤り,1
ら目を,1
階から,1
と幾人,1
はやめ,1
の予想,1
" 暇休",1
かにも,1
男が同,1
をぶら,1
ぴきな,1
き入れ,1
帝国の,1
しい断,1
そのむ,1
ざ笑う,1
大英 ,1
ときら,1
見せた,1
く つ,1
い人と,1
私事広,2
は、船,1
倹約家,1
は落ち,4
す。私,6
ショ ,1
ーとい,2
申した,1
ぞ信じ,1
背後の,1
リ ー,1
怖は今,1
法会議,1
、 ホ,1
臭い目,1
色、な,1
そよ風,4
心配に,1
好むお,1
るグレ,1
にステ,1
シのネ,2
きても,1
いだと,1
診した,1
お嬢さ,7
の広間,1
私は初,1
この欄,2
で夜も,1
友達」,1
物でし,1
の女性,8
ことで,9
課長で,1
ズ・マ,1
と息を,1
晩、私,1
いを募,1
をお持,1
の上、,1
ク が,1
披露さ,1
め た,1
介を得,1
「ヨー,1
の至り,1
いた。,21
レッジ,1
生垣と,1
いをす,1
放的な,1
なたの,11
いたい,1
な態度,3
ら彼は,1
は、興,1
とのえ,1
あい ,2
合、そ,1
ずうず,1
大男だ,1
ど真ん,1
かしそ,3
音と喧,1
七、二,1
うぞ信,1
生の頃,1
ろげた,1
件には,2
の焼け,2
初の記,1
い人、,1
いて来,2
の と,1
気にあ,1
兄……,1
は「レ,1
はがっ,1
てであ,1
その連,1
人がエ,1
めてほ,1
尉とす,1
く、 ,1
が あ,2
" の若",1
の若い,2
" ら、",1
がスコ,2
当分の,1
人気と,1
言は、,1
が殺さ,1
いう場,1
、のっ,1
が緑の,1
語って,1
彼も人,1
い。か,1
当もつ,1
ろん死,1
。一語,1
ツとウ,1
す、お,1
下品な,1
" の部",2
ずおず,1
しく明,1
。「わ,1
" とて",1
意にし,1
エジプ,2
ナギク,3
問した,1
物とさ,1
「今日,2
たいこ,2
ソロミ,1
" の陰",1
ックな,2
終日足,1
だ。謎,1
店先に,1
ス的な,2
ロイー,1
今日は,3
もロマ,1
喜んで,2
を手渡,1
に邪魔,1
ッパに,1
だ。命,2
枝を…,1
る晩、,2
るでた,1
裏切ら,1
の、背,1
、門の,1
奴を鞭,1
りま ,2
を終え,1
んど真,1
悶の欄,9
がおい,1
一通を,1
いなが,3
間に私,1
り、今,1
っては,1
ギクは,1
じめは,1
いらっ,4
生のす,1
いな。,1
よこし,1
ない感,1
はロン,2
だ、そ,1
めるの,1
ない私,1
したら,4
はため,2
わる、,1
るとそ,2
大なか,1
ンドか,3
" スチ",1
、ぞっ,2
持ちを,1
かな金,1
子をし,1
ばん最,1
ムズ紙,2
れる、,1
を傾け,1
このく,1
よい友,1
よ、旦,2
尉でし,1
" じて",1
日中、,2
な刃は,1
まえよ,1
感じの,1
つわる,1
。見る,1
もお父,1
途中、,1
トルマ,1
争があ,1
" た用",1
やら心,1
、灰紫,1
そらく,1
す。部,1
らく書,1
" 第二",1
遺体も,1
犯した,1
解 な,1
んでし,12
のも十,1
られな,2
闇には,1
君は大,1
をはい,1
る？ ,4
「どう,2
Ｌ ．,1
えを食,1
トはい,1
" はあ",1
朝の二,1
しなん,1
さんだ,1
に一目,1
さった,4
の中庭,4
。彼と,2
かい？,1
は詰問,1
ざいま,2
おしま,1
ルに身,1
動産業,1
息 を,1
ければ,10
通さな,1
い な,2
か。ア,1
屋に行,1
スを先,1
り、ど,1
もらっ,3
を探そ,1
のあ ,1
を見る,6
せまし,3
庭を見,1
ばらし,3
毎日一,1
す。エ,1
情詩だ,1
か っ,1
の、親,1
れし者,1
。相手,1
家族へ,1
ンでお,1
き取れ,1
からさ,1
" がた",1
族に連,1
れると,1
フレイ,11
べたと,1
げで無,1
ーラー,5
。細身,1
りませ,13
てなん,1
びこま,1
日は遅,1
からフ,1
長く ,1
考えこ,1
オース,1
インド,11
あるよ,2
、大き,1
は勉強,1
あの木,3
っけの,1
仕事が,1
座り、,1
に住 ,1
計が七,1
へ 行,1
され、,1
" アイ",2
た血の,1
いう、,1
は、被,1
し 彼,1
ゴ男 ,2
れてき,1
…まじ,1
マーケ,1
る姿が,2
ない都,1
さまへ,1
話題に,1
関の広,1
が彼女,1
ッシュ,1
とか金,1
うじゃ,1
か げ,1
" 部屋",3
つもと,1
の知る,1
ぎがし,1
がはっ,1
拶のよ,1
い男の,1
乗り出,1
ちない,1
と覚悟,1
めぐり,1
たあげ,1
、とん,1
遅くま,1
もとに,1
を取ら,1
高い金,1
屋に帰,1
上で死,1
をこめ,2
尉がま,1
りもよ,1
" 見つ",1
彼から,1
してお,4
二十四,1
なろう,1
。誰も,1
と飲み,1
り、喜,1
" は音",1
" いる",5
を、ウ,1
所も、,1
われま,3
にあの,1
前に気,1
に客は,1
べは ,1
が聞こ,10
私がア,1
尉の死,2
きはさ,1
血気盛,1
大ぜい,2
いはも,1
机の ,1
馬隊の,1
とにし,6
あの魅,1
刊を調,1
ィ・ヘ,1
の階の,1
は当分,1
ターが,2
そのア,2
らい著,1
が、あ,1
で夜明,1
国中で,1
てもな,1
の発端,1
リス的,2
はもっ,2
シナギ,3
いはい,1
へ入っ,2
通の友,1
いたに,1
で取り,1
れ、 ,1
て部屋,1
ば、彼,2
" るま",1
せしま,1
" なた",1
して ,5
めたと,2
" らま",1
本なの,1
私の脇,1
のため,3
んで ,2
見える,2
愛人の,1
彼のた,1
ていた,33
" 魅力",1
私た ,1
著名な,1
し翌朝,1
とが大,1
めてい,1
た若い,1
ずれま,1
下の粗,1
言わな,4
が運び,1
「レデ,1
カへの,1
いて、,4
ら持ち,1
スが ,1
に滞在,2
に来て,2
さらに,4
に興味,2
ズ紙を,1
の特電,1
オルタ,27
しろ白,1
トは金,1
は私が,3
答え、,1
" とし",1
念が正,1
キを吟,1
ルドで,1
回った,1
めんく,1
？ お,2
身で、,1
ど今、,1
れいな,1
ド街を,1
記事に,2
りに、,2
外部に,1
" ころ",1
情 に,1
の最中,1
届ける,1
づき ,1
、と教,1
光が燦,1
、私 ,1
ん。廊,1
ら帰っ,3
な場合,1
告の殺,1
ないか,3
やすみ,2
ゴール,1
市がそ,1
とでは,1
突然立,1
が真の,1
なのに,1
て窓か,1
れた紳,1
せたの,1
渡りま,1
彼は、,1
" しい",1
」 急,1
ディ」,1
分かっ,2
ろ白髪,1
ジェー,1
端正な,2
だが、,4
な小径,1
れた人,1
」 ア,1
し ま,2
たいき,1
ーにむ,1
決めつ,1
た、あ,1
て読み,2
と、あ,1
きら輝,1
ひどい,1
トは終,1
はぶら,1
たい」,1
、胸を,1
きであ,1
」視線,1
…付け,1
を愛し,1
な成行,1
" スは",1
しかる,1
は感じ,2
ってき,10
いなの,1
" みだ",1
たずら,1
を張る,1
もそれ,1
はにこ,1
ゴを食,1
那様！,1
の朝食,3
ートと,1
庭は私,1
男たち,1
かたく,1
にもか,3
また早,1
取って,2
ったで,2
はたっ,1
人の作,1
りすぎ,2
しそこ,1
と大都,1
うな恵,1
下にあ,1
生かす,1
なアパ,1
" 葉を",1
とを覚,2
凄みと,1
しをい,1
げを剃,1
食から,1
知るか,1
誘惑に,1
も……,3
う や,1
くカー,1
がよく,1
、 大,1
が混在,1
た。愛,1
い中庭,1
、フレ,1
宿する,1
惨めな,1
い生粋,1
" 要で",1
私を旧,1
っと興,1
おか ,1
騒とと,1
てなも,1
からも,3
のない,6
望はつ,1
から持,1
" が起",1
さんあ,1
下室で,1
に行か,1
ともに,6
悲劇と,1
で激怒,1
らには,1
" 彼が",1
、刑 ,1
ね」と,5
としま,4
の火が,1
た。膝,1
て言わ,1
てつも,4
、と私,2
と、入,1
ルに戻,1
せん ,1
しする,2
は言い,9
とおな,6
さまに,1
べまし,1
き見た,1
人間的,1
になろ,1
をされ,1
会いに,1
偶然、,1
女の背,1
を突き,1
に そ,1
して、,9
" 「シ",1
会うこ,2
でしか,1
。あま,1
と迷っ,1
何番地,1
い理由,1
は俗に,1
いな ,1
見たあ,1
奇怪な,1
" 田舎",1
断固と,1
言がす,1
なさい,3
の扉を,1
にこし,1
友達に,3
ド ン,1
き苦し,1
と を,1
までつ,1
の上で,2
。とう,1
もこの,2
" カ月",1
！」 ,1
分後、,2
書いた,1
私がこ,2
心から,1
とすれ,3
しばそ,1
抑揚が,1
に思い,1
やくア,1
け、つ,1
けが庭,1
そのこ,2
暇帰国,1
らった,3
はもが,1
い人で,1
げたと,1
ね」 ,1
けがわ,1
とのな,3
者は厳,1
にした,6
な投稿,1
じられ,1
た。背,1
ンの霧,1
んなホ,1
ントル,1
のだと,1
つつま,1
歩して,1
、ちょ,2
の話を,1
の食堂,1
げ、冷,1
かな警,1
て進み,1
に辞典,1
尉は言,2
はさん,1
、気持,1
この埃,1
レイに,1
により,2
常に暗,1
しくカ,1
た。古,1
めつけ,1
方です,2
度を捨,1
とに現,1
もどう,1
の欄に,1
間であ,1
でイギ,1
ある？,1
" とい",3
の 手,1
はこん,3
ルーツ,7
彼らに,1
はここ,1
した行,1
ト前の,1
うイギ,1
" では",2
り思い,1
トンで,1
ど 心,1
皆さん,2
きりん,1
" ら思",1
の皿を,1
" を出",1
は驚い,1
言い争,1
放的で,1
て 窓,1
うたく,1
求めた,1
ペニー,1
いと国,1
女性に,2
い部屋,1
満ち足,1
がエジ,1
ぐに私,1
しい。,1
お任せ,1
めにイ,1
なるが,1
と奨励,1
正しか,1
あの一,1
父は令,1
面 す,1
ーは、,1
認めま,1
またコ,1
" の熱",1
どとは,1
つを選,1
、それ,10
らお話,2
の染み,1
……そ,1
、保守,1
たくも,1
ゴは大,1
、私事,1
にを言,1
戻らな,1
いアイ,1
は私の,3
と、わ,1
た。頭,1
う。 ,4
。金曜,1
訪れと,1
隊ステ,1
うレン,1
朝、 ,1
だらな,1
あそこ,1
部が小,1
の欄も,1
ースよ,1
り、彼,2
が活躍,1
？ と,2
でめっ,1
の動き,1
せなが,3
ろ よ,1
忍び足,1
なニュ,1
を悩ま,2
持ちに,1
とテキ,1
" ばら",1
先に行,1
いるぞ,1
しく思,1
入り口,1
淡な都,1
たかを,1
わいい,1
女はま,1
手紙の,3
喋りた,1
まだ明,1
" 門を",1
あのメ,1
積もっ,1
メ リ,1
を聞く,1
とで、,1
な技の,1
いある,1
うした,1
ら……,2
た聞い,1
おい、,2
て行く,1
鹿げて,1
熱した,1
ったば,1
にも言,1
示した,1
た。し,12
もいら,1
して雲,1
こで夜,1
っとも,6
にとり,1
聞売り,1
でそば,1
た緑の,1
」 彼,2
と 言,1
のかは,1
一章 ,1
な愛も,1
口説か,1
紅く染,1
ろかな,1
私にむ,1
と一緒,2
なぜ、,1
娘は少,1
来て六,1
つき、,1
そる奇,1
頭上 ,1
突然一,1
住む人,1
、木曜,1
んでも,4
ずと、,1
「無理,1
まんじ,1
会話 ,1
ふれる,1
で彼が,1
りをつ,1
明して,1
知って,3
、美し,1
軍法会,1
、ブレ,2
それは,9
" 急い",1
く染ま,1
つの湖,1
" どん",1
目には,2
リカへ,1
る。セ,1
さいな,1
、音楽,1
言って,3
する冷,1
事情か,1
が、廊,1
リス流,1
には七,1
気な男,1
" うど",1
、どう,1
に が,1
" 「イ",3
でも、,5
るな ,1
が並ぶ,1
彼は日,1
えませ,3
。豊か,1
りと、,1
様」と,3
にむき,1
。 で,1
事 に,1
た庭で,1
色の目,2
ン。金,1
第二章,1
植民地,2
が一通,1
、悲し,1
て三日,1
くとい,1
姿が目,1
見たこ,1
いお茶,1
人よ！,1
チーと,1
階段を,4
直りま,1
してと,1
、あの,6
い。鰐,1
分のこ,1
人の同,1
多少と,1
る自分,2
、テレ,1
と め,1
いです,3
どんな,8
スに目,2
一目見,1
にあが,1
振りむ,2
私があ,1
らと彼,1
…それ,1
らいの,1
ンプソ,1
でわか,1
ふざ ,1
ことを,33
にやら,2
った対,1
のには,1
由があ,1
そのあ,1
が、ア,1
介状の,1
" それ",3
彼の顔,1
の死の,1
になん,2
受けた,2
の音 ,1
るがす,1
みつく,1
わりに,2
の。サ,1
して入,1
は七 ,1
がまと,1
させる,1
鋼鉄製,1
尉が死,1
は休刊,1
…えっ,1
きは次,1
汗を浮,1
ラフ紙,1
ものば,1
きと ,1
のこの,2
るアー,1
" すぎ",1
日の朝,9
が 優,1
は休暇,1
、あた,1
行く予,1
もひけ,1
なの微,1
。タク,1
今ちょ,1
が聞い,1
の音が,1
アに対,1
四分の,1
らの上,1
奥へ入,1
知の間,1
日ごと,1
曜日で,1
ぜひと,1
初の一,1
を、ロ,1
の足音,3
族への,1
々な謎,1
とすば,1
はっき,3
き彼ら,1
の突き,1
ちのめ,1
じた。,2
気盛ん,1
送 ら,1
らオリ,1
し、と,1
わず聞,1
、ウエ,5
法学院,2
う一瞥,1
揚がは,1
言 っ,1
ー ジ,1
場へ出,1
、朝刊,1
が、君,1
。セシ,1
き、お,1
を降り,1
い謎に,2
はジェ,2
とを知,2
い人」,1
は彼に,1
前は…,1
尉なら,1
がセル,1
にんま,1
た頬を,1
ら。 ,1
" 「君",4
長任命,1
カの劇,1
国的な,1
かを話,1
の同期,1
部屋の,11
た賢く,1
だと。,1
分がお,1
け取る,1
広告欄,1
は一度,1
は皆目,1
きさつ,1
もんで,2
……お,1
イマー,1
たくさ,7
は紹介,2
ても別,1
に夕ご,1
私は背,1
ガスの,1
わくわ,2
を書 ,1
午前三,1
に 金,1
ジリア,1
幸運な,1
」と巡,1
いとい,3
エイタ,3
を乗り,1
んだ、,1
性の顔,1
まり内,1
？ す,1
のすみ,1
」 沈,1
明滅す,1
いイチ,1
ますよ,1
" れほ",1
。上か,1
さだめ,1
スの新,3
くれま,2
の中か,1
から漏,1
たかね,2
けると,1
喋りの,1
をと ,1
まに披,1
トは思,1
文であ,1
う思っ,1
の花壇,1
った、,3
とを証,1
快く返,1
るとす,1
だ私の,1
まよわ,1
欄をも,1
」 上,1
とか。,1
ば書け,1
階 段,1
大で、,1
私のス,1
けて大,1
アメリ,12
たのは,11
盛りの,1
このこ,1
、拷問,1
か？ ,6
ら に,1
度と彼,1
上の知,1
ジェス,1
の姿を,1
すか？,2
ョ ッ,1
み合い,1
下に出,1
年前の,1
カンサ,1
。 部,2
八、二,1
彼は兄,1
は決め,1
瞬わけ,1
はよう,1
" ーツ",1
高くよ,1
懇意に,1
。 気,1
まで多,1
隣人と,1
りに早,1
演目表,1
つかと,1
トはヘ,1
って越,1
。ご遺,1
い？」,1
人生の,1
うと ,1
面でも,1
の敏腕,1
りくだ,1
ど我慢,1
を許可,1
ー・ゴ,1
ンに厳,1
困と富,1
" バー",1
よ。苦,1
名をと,1
ぶれた,1
脇にい,1
い の,1
と言っ,4
民地で,1
トは朝,1
出し挑,1
軍靴の,2
は最愛,1
きた。,9
！ と,1
でその,1
" 通も",1
水生動,1
々しい,1
女は驚,1
まう？,1
上のよ,1
紙に集,1
たちの,3
な い,5
私につ,1
がない,3
庭なの,1
家庭教,1
中に入,3
女は急,1
調達し,1
いろい,2
九時頃,1
" ルタ",2
りまし,19
気あふ,1
る時 ,1
って手,2
さんた,1
考えた,2
益です,1
る女中,1
起きた,3
ホーム,1
らなか,3
賢くも,1
いした,1
の日、,1
は背後,1
い た,1
黒服を,1
動きの,1
は女性,1
表情が,1
が面白,1
の誇り,1
もうた,1
した者,1
たまま,4
「カー,1
かる、,1
し挙動,1
席 以,1
い、う,1
天才的,1
見るの,2
にいな,1
ドアを,3
" 「も",2
た。大,1
すぐに,1
" て立",1
なに愚,1
長とき,1
見てか,1
でしま,1
を取ろ,1
" 「い",1
や か,1
ものは,1
面した,1
尉がひ,1
たれた,2
ま鉛筆,1
してう,1
あげた,2
り返っ,1
、抗議,1
風の名,1
い。彼,1
らもら,1
かあ ,1
" は埃",1
二年前,1
にあな,3
て彼は,2
若いに,1
堂の大,1
れた男,1
ウに、,1
かわさ,1
私がウ,1
ア・ビ,1
えば当,1
物館に,1
婦人や,1
の恐怖,1
つが、,1
理人ウ,1
付Ｍ．,1
来る。,1
がて女,1
ら離れ,1
であれ,2
う場合,1
、なぜ,2
で 読,1
ばに立,1
、夕闇,1
申し ,1
んの指,1
の抒情,1
彼は女,1
を百万,1
は中庭,3
その抑,1
彫像の,1
、新聞,2
裏庭を,1
クリー,1
かしな,3
髪はに,1
ならな,6
降りて,2
聞くだ,1
ん。そ,1
情でし,1
ね。最,1
く思っ,1
ージと,1
々の身,1
識があ,1
ーダ水,1
民にふ,1
、ただ,3
彼のこ,2
む人の,1
ておこ,1
択にい,1
る女性,1
" 僕は",1
え直し,1
のそら,1
らでも,1
のベン,1
うです,2
た者に,1
。書こ,1
。スコ,1
げまし,1
" んな",2
" ひか",1
め息を,2
列物が,1
。いっ,1
どくシ,1
折って,1
私は地,1
挙動は,1
く大都,1
はこぞ,1
れを過,1
木の名,1
なく、,2
る。私,2
真下に,2
。 私,11
る彼の,1
晩、テ,1
の暗い,1
わらず,3
こうよ,1
は 普,1
とを理,1
たび読,1
ばいけ,1
最初で,1
らくつ,1
すね。,4
ってひ,1
たば ,1
性には,1
ブルは,1
やりと,1
手紙が,3
るかな,1
おいで,1
ぎわの,1
の人 ,1
入れる,2
とを思,2
音楽だ,2
がしゃ,1
にもま,2
" を望",1
入って,6
頭を振,2
を抱い,1
れ、私,3
らしい,5
ウエイ,3
や、全,1
" ック",1
た。ふ,1
無作法,1
努力で,1
い場所,1
して私,1
しろが,1
な排他,1
来たの,3
ら一つ,1
組み合,1
を送る,2
みこみ,1
ら考え,2
七 日,1
つけま,1
リー ,1
、目は,1
なく早,1
" 「失",1
ますウ,1
かする,1
けるよ,2
イン ,2
スはか,1
ばな ,1
条の ,1
ころ ,1
かな小,1
ま自分,1
を「大,1
だけな,2
なじア,1
はウオ,2
とニヤ,1
ひど ,1
カ人か,1
の登場,1
は知ら,2
とをは,1
ートを,3
んど連,1
れな ,1
がしぶ,1
験をい,1
を 歩,1
ん私は,1
、ほっ,1
ったっ,1
、怒り,1
し一日,1
もすず,1
も、せ,1
ドから,5
為で ,1
声高の,1
気ない,1
の入り,1
かかる,1
タの這,1
ールと,1
は、部,1
すぎる,3
惑に屈,1
夜中に,2
好みで,1
い、前,1
て座っ,1
分かり,1
て帰っ,2
から。,4
ろが、,1
恋しい,1
町のみ,1
る店の,1
もせず,3
の魅惑,2
す天才,1
た。感,1
捨てる,1
」 ド,1
では生,1
う。こ,1
朝、こ,1
三十日,1
七月二,2
くの紙,1
滞在中,1
と警部,2
なにが,1
輝かし,1
" だと",1
り も,1
この一,2
、彼女,6
に耳を,2
下室に,1
謎をお,1
りをし,1
墓場の,1
連の個,1
あけっ,1
庭を望,1
たわっ,2
は奇妙,1
の微笑,1
はすみ,1
い を,1
ー・バ,1
スが口,1
の残光,1
んじゃ,1
渡しま,1
惑の目,1
」と私,3
クタイ,2
テーブ,4
な内容,1
伝言は,1
その端,1
最愛の,3
。大尉,2
できた,1
もしな,1
る最初,1
げなが,1
。最悪,1
、 今,1
会いし,2
時にこ,1
、どこ,2
うがい,1
模様が,1
か べ,1
命より,2
とはな,5
無感情,1
事が彼,1
りた気,1
好きで,3
細身で,1
た。外,1
リーの,1
消夏法,1
た。仕,1
っしゃ,4
から隠,1
のカン,1
などと,2
がその,3
ンか金,1
て、さ,1
から離,1
間柄じ,1
にも思,1
かべる,1
だ。そ,1
窓ぎわ,1
とイン,2
" 「ほ",1
場のよ,1
事は要,1
で、彼,1
われ、,2
人たち,2
た。近,1
、悲鳴,1
ねてく,1
私は紹,1
してふ,1
召使い,1
君の証,1
ては伏,1
ビクト,1
私を追,1
その席,1
。とあ,1
グ帽」,1
いかけ,1
を訪ね,1
」が無,1
私がし,1
その庭,1
の音の,1
帰国を,1
優しい,4
都市の,3
ンをゆ,1
ブレイ,11
、ドラ,1
取りに,1
らな」,1
抑揚を,1
私は口,1
ろのろ,1
ツのお,1
の途に,1
、いち,1
！ 誰,1
タース,28
この女,1
ら、な,1
を申し,1
だ……,1
鹿くさ,1
ても、,5
ほど鋭,1
彼の足,1
の父親,1
という,41
落ちつ,1
" ない",4
はさし,1
べられ,1
は。 ,1
人なん,1
世界最,1
むき直,1
日、金,2
は遅く,1
連の奇,1
私は書,1
ととの,1
ルー。,1
は柔ら,1
庭です,1
レイは,4
ていい,1
が押し,1
丸太の,1
机のそ,1
の端正,1
がカー,1
……と,2
。どう,2
ら言い,1
ール ,2
。おな,1
通を書,1
くわく,2
、船で,1
る証人,1
ウンド,1
うな様,1
イフは,1
カーテ,3
うにほ,1
に電話,1
ィ・テ,5
温かく,1
そのま,2
…どう,1
の朝早,1
まとめ,1
た。庭,1
れは」,1
た が,1
の熱烈,1
見つけ,4
しいも,1
そ れ,2
女性は,5
いたら,1
狂いさ,1
お喋り,2
とのた,1
紙のよ,1
き添え,1
その傲,1
さみま,1
かしい,1
場には,1
に答え,2
らわさ,1
ちらち,1
くさい,1
、イン,1
にはボ,1
スにむ,1
りと笑,1
ントな,1
のど真,1
い断固,1
には思,1
を前に,1
二人は,1
朝グレ,1
ぎれも,1
り、音,1
で、私,2
は一人,1
魅惑的,2
を感じ,4
、そよ,2
き出し,1
ルの自,1
かな夜,1
はない,14
ぎれい,1
った状,1
ろす中,1
にはい,1
づいて,2
塔。わ,1
音のわ,1
く、大,1
さらさ,2
言うな,1
笑いま,1
る習慣,1
・マジ,1
ょう。,13
大尉に,2
、人前,1
せいぜ,1
価な宝,1
のもと,1
中まで,1
るのだ,2
は厳し,2
、大尉,4
返事は,2
び読み,1
着くと,1
か、一,1
一瞬わ,1
は侵入,1
ぎる。,1
弟愛が,1
身近に,1
「ステ,1
彼の机,2
アベラ,1
警世紙,1
山用に,1
消息を,1
にっ ,1
」なの,1
のろと,1
え、 ,1
度も話,1
した。,195
まれ、,1
要なん,1
から送,1
げしく,1
…あの,2
ンに着,1
" ノッ",1
ったが,2
ンスに,2
杯やり,1
つ二つ,1
状況に,1
聞いて,4
の感情,1
室がロ,1
高の、,1
若い女,2
そぎま,1
けの幸,1
感じで,2
みっと,2
こう思,1
てやり,1
と知っ,1
中に、,1
物語っ,1
・ショ,1
たるホ,1
たちが,2
は 門,1
てやが,1
喜びし,1
下の突,1
征服さ,1
な視線,1
った ,3
いろな,1
には驚,1
日にち,1
ス。警,1
の回し,1
の信念,1
蔑むよ,1
れられ,2
お昼ご,1
怪々な,1
" 女は",1
シカル,1
然イギ,1
親近感,1
は顔を,1
" 希望",1
は本欄,1
……様,1
の奇妙,3
アール,1
でそ ,1
彼は十,1
、社長,1
ド・ス,1
じる控,1
場所で,1
しなが,6
それに,5
斎で彼,1
一 度,1
ョージ,1
う言い,3
" を室",1
紙を返,1
しまり,1
リー・,14
、デー,2
まるご,1
ち明け,1
なんだ,4
が吹い,1
しまい,3
ラン。,1
けて手,1
。ふた,1
をしに,1
ワシン,1
まじめ,2
未来の,1
した方,1
」 政,1
に結婚,1
枕もと,1
け。私,2
いくら,2
う二度,2
とは…,1
し出 ,1
て、お,2
庭がと,1
だ」 ,1
もの、,2
" 「な",1
にお任,1
性から,1
像のよ,1
ストが,2
彼女は,16
書きあ,1
、あな,5
次官が,1
きりに,2
微 笑,1
いでそ,1
" きっ",1
」ブレ,1
き直り,1
ク タ,1
人、私,1
泡がは,1
の「お,1
た悲劇,1
緊張感,1
の状況,1
。ホテ,1
せよう,1
後、私,2
「そう,2
粛な口,1
抵抗し,1
かくさ,1
い私の,1
て女性,1
も大き,1
執拗に,1
リート,1
て私を,1
そイギ,1
とまり,1
。 ブ,2
れたま,4
頬をあ,1
びまし,1
のあま,1
さい」,2
私はホ,1
も出て,1
らロン,2
、月 ,1
、とう,1
…おは,1
「ふて,1
く、門,1
食べは,1
ャンデ,1
" 「す",1
と懇意,1
まずイ,1
ーア大,6
とうか,1
してこ,4
的なガ,1
聞を取,1
うずう,1
てデー,1
る英国,1
テルと,1
予想さ,1
まいま,3
を説き,1
は眠り,1
来るに,1
大の都,1
" いう",2
。大き,1
ると突,1
送る。,2
をゆす,1
ーケン,5
い友達,1
う音と,1
た。確,1
のえて,1
都市が,1
スチン,1
あって,3
だ、私,1
" をは",1
イに彼,1
り彼も,1
紳士、,1
、なに,2
にを企,1
" くれ",3
" ……",2
しいこ,1
…… ,3
、机の,2
て美し,1
がわか,2
好意的,1
アイ」,1
りるこ,2
です！,3
し、ウ,1
次の日,6
よ。大,2
上に降,1
の脇に,1
ずにま,1
物を抱,1
くささ,1
イは活,1
" エル",1
ん積も,1
は彼は,1
から客,1
たほど,2
いで廊,1
ういう,5
を通る,2
では、,3
女の心,1
ていて,2
だとい,1
き、彼,2
となり,1
。「ニ,1
ゃる。,1
、身じ,1
稿欄が,1
はなに,6
くなか,1
あれは,1
ださい,7
たは大,2
ろを振,1
「ほう,1
から外,1
と喜劇,1
界大戦,1
ルコニ,3
んて、,1
スが永,1
んか？,1
しい憤,1
に帰り,1
っ こ,1
ンガの,1
漏れる,1
、真下,1
？ そ,1
師で、,1
昼ご飯,1
中であ,1
んが…,1
治家は,1
から軍,2
たぶん,1
つの日,1
るでし,7
机の上,3
、私た,1
々とし,1
をの ,1
私を妨,1
いない,10
こうし,2
ん妻が,1
やして,1
" 音も",1
れとな,1
ロッパ,1
だけが,1
でロン,1
、奇々,1
ずつ手,1
証拠品,1
このニ,1
から争,1
りでは,2
まぎれ,1
まだ焼,1
度胸を,1
りと差,1
美しい,5
のお嬢,3
白髪頭,1
間の滞,1
折、不,1
" 蔑に",1
のが彼,1
のとて,1
" しき",1
" 込ん",1
は朝刊,1
皿を取,1
すが…,2
た。父,1
前の七,1
思えば,3
夢中に,1
ら は,1
きるだ,1
返すべ,1
おきま,2
" ざま",1
、さら,1
ここロ,1
スのほ,1
奇跡か,1
ない ,4
かとニ,1
の返事,1
。私 ,1
うな ,1
に対す,2
市民に,1
つかつ,1
用され,1
のむか,1
し上げ,2
ーン発,1
さんと,2
れぬ傾,1
ィに行,1
も濫用,1
私に会,1
と教え,1
ら紹介,1
つ、ド,1
の声を,1
関先の,1
ド・エ,4
とおり,1
とでし,3
く頃に,1
大学 ,1
をウエ,2
は、上,1
押しの,1
み入れ,1
ったの,21
いろ ,1
このイ,1
はデー,2
跡か、,1
を望み,1
を忍び,1
字を書,1
がら楽,1
ケンに,2
を 誘,1
こりし,1
は大尉,6
ンであ,1
からそ,1
私にと,1
じゃ ,1
の男と,1
れをウ,1
声をあ,2
れるだ,2
んか ,1
風が吹,1
て一度,1
仕掛け,1
彼とお,2
妙なナ,1
「ひど,1
れるア,1
『あな,1
威勢を,1
忘れな,1
とった,2
あるぞ,1
それら,2
告。 ,1
ようと,8
舎。そ,1
気付Ｍ,1
れが長,1
一つが,1
謎をた,1
く返事,1
な男が,2
があら,1
一文で,1
ど彼女,1
わ。逃,1
ア駅か,1
ニーが,1
サスか,1
決して,2
教えら,1
ムシ形,1
人かね,1
うじた,1
許すか,1
に 何,1
へ出か,1
できな,2
舗 道,1
越え、,1
案に対,1
をしき,1
ら。生,1
がれが,1
与えて,1
をし、,1
テンに,1
はヒズ,1
のは、,10
はいな,4
でもっ,1
。ある,2
わりま,1
魚よ。,1
ストリ,2
とはし,2
デリア,1
は現場,1
れにし,1
グフラ,2
がそこ,3
女は答,1
、親切,1
備され,1
て、と,2
髪。動,1
トは謎,1
ものに,3
どしん,2
に妖し,1
ず き,1
また従,1
してあ,1
りもあ,3
ストの,3
ら一週,1
いな小,1
にこの,1
回る ,1
" き、",1
尉が戻,1
所を聞,1
だか変,1
。とく,1
に出た,2
いひだ,1
実な方,1
ちろん,8
んど彼,1
イデア,2
読んだ,2
の椅子,1
の一部,1
がっか,2
その貧,1
うにそ,1
のワシ,1
は気前,1
" か！",1
賢いと,1
欄の目,1
はます,1
いだろ,4
が豊か,1
すんで,1
風呂で,1
" 「領",1
た の,2
いたっ,2
前の通,1
争の音,1
困惑す,1
すぐ直,1
ばたん,1
かして,2
取り次,1
やり父,1
じっく,2
紙上で,1
隊のス,1
なそぶ,1
平のつ,1
る音が,2
ピン、,1
後、帰,1
そぶり,1
た。箱,1
風景で,1
を打っ,1
むかっ,6
ずれて,1
手を伸,1
ぎまし,1
ている,52
" 永遠",2
て、 ,2
の日一,1
どすん,2
街を歩,1
、そば,1
ルド・,4
ませ、,1
目散に,1
は私を,1
えの間,1
後まで,2
。僕が,1
立ち寄,2
強烈な,1
田舎。,1
その考,1
かせま,2
尉は不,1
、崇め,1
かと彼,1
抜けて,1
の名を,1
ゴを待,1
ボンネ,1
日の予,1
出すこ,1
？ あ,1
事を読,1
… 次,1
い転々,1
もに、,2
。先に,1
るのよ,1
なじこ,1
ひけら,1
最初に,1
とも建,1
と。 ,1
ブルに,2
うな人,2
情熱を,1
るかの,1
、聞い,1
しい顔,1
人々で,1
と、真,1
らかし,1
、突然,1
は「ジ,1
稿欄の,1
方から,1
の悲劇,1
" っと",1
ン・フ,3
ルをし,1
ころが,2
局、私,1
ら色に,1
性が見,1
こに謎,1
で。三,1
かし決,1
、倹約,1
色で、,1
もそう,2
につけ,1
され ,1
、一つ,1
アくら,1
の名物,1
はけっ,1
にを見,1
とに彼,1
ウオル,27
こ ろ,1
くり思,1
に入っ,3
最後ま,2
の人間,1
えてき,6
の午後,1
。確か,1
・スト,1
て、一,1
" 証人",1
かな漆,2
お尋ね,1
るいは,1
婚を申,1
だけの,2
気がつ,3
うな事,1
親は「,1
かな自,1
屋で、,2
ばしま,1
ヤニヤ,1
ぶしつ,1
は見 ,1
動を繰,1
に放り,1
" こと",2
うすぐ,1
たたか,1
る最中,1
柄じゃ,1
以上に,1
に征服,1
魔法の,2
下準備,1
テレグ,1
れを書,1
に響き,1
とかま,1
かかわ,3
。月曜,1
。廊下,2
てきだ,1
さかさ,1
てとり,1
。「君,1
、町の,1
ずに答,1
あらわ,2
ら。あ,1
異教的,1
し決し,1
めを ,1
表。お,1
…フラ,1
父親は,2
か。あ,1
い訳で,1
すか、,1
。ツ ,1
耳を立,1
添えを,1
エ イ,1
てない,1
の男、,2
、冷た,2
か変な,1
" 求め",1
い女性,3
の日の,8
ともこ,1
風がや,1
ニー・,1
息を聞,1
ですか,8
座れと,1
完全な,1
いうの,9
・ブッ,1
女は丸,1
に彼女,2
に合 ,1
分なが,1
どい噂,1
中に便,1
で消息,1
しば聞,1
強く望,1
腕を物,1
私はス,1
事情 ,1
。ブレ,1
があま,2
、 二,1
けまし,5
斎と大,1
、入る,1
かると,1
やら血,1
とそれ,1
スに行,1
着いて,1
ちを手,1
ない場,1
がはず,1
れる人,1
好きに,1
な消夏,1
シュに,1
ブロイ,1
動は報,1
れにつ,1
て、す,1
男子で,1
連中が,1
" 「み",1
の方で,2
他的態,1
らはた,2
がいま,1
って私,1
し惨め,1
りのあ,1
は、愛,1
一人 ,2
ちは一,1
こんだ,1
ちほど,1
" たと",1
階段か,1
" でも",1
愛国的,1
" いつ",3
トの ,1
に披露,1
仕事上,1
に静か,1
、ます,1
文を書,1
し上 ,1
ズが活,1
自分が,4
人や洗,1
惑的な,2
獄のお,1
りして,2
すウ ,1
私を置,1
」と大,3
食 に,1
が。私,1
こかで,1
の私の,1
夜にな,1
らっし,4
らぬ、,1
する部,1
歩く彼,1
ぎょっ,1
「とり,1
し、テ,1
子馬の,1
を見出,1
の優雅,1
て、大,1
の喧嘩,1
わなか,2
に、彼,2
ドヤー,4
ぬ道化,1
の気晴,1
だけ私,1
ておい,2
なとウ,1
金色で,1
" くと",1
びを持,1
私は自,2
なさっ,2
振りま,1
誰なの,1
が椅子,1
殺され,2
く横た,1
" する",1
、親し,1
らが階,1
がいる,3
月 が,1
まごい,1
が震え,1
が聞き,1
ぽいな,1
とは誰,1
ヤード,4
面を ,1
い時間,1
みだ。,1
を生や,1
" 行く",1
が今は,1
も思い,1
・ビガ,1
く ぐ,1
てテン,1
で立っ,1
に横 ,1
らって,1
なたに,8
告欄の,1
" の悲",1
招き入,1
を裏付,1
は読み,1
さやく,2
確かに,1
ンド陸,3
だ！ ,1
を読む,2
上にい,1
のだけ,1
が起こ,1
き、こ,2
みと喜,1
が夢見,1
の上 ,1
愛しき,1
ま っ,2
初の魚,1
り面白,1
いじゃ,1
い、 ,2
もがき,1
のだろ,2
には。,1
に帰っ,1
部屋で,3
カデリ,1
と彼は,13
しくも,1
の若く,1
。「あ,1
まま、,3
能にし,1
だ」と,1
粋のア,1
下を見,1
落胆に,1
た。前,1
うに吹,1
店にあ,1
トの男,1
言うの,2
合いす,1
す中庭,1
。「や,1
大尉は,7
た行為,1
彼らが,2
り、花,1
ろ う,1
うと言,1
六時と,1
経質に,1
りた金,1
ト・セ,2
しもそ,1
きをし,1
はつい,1
愛想笑,1
のもウ,1
った離,1
れた言,1
滞在し,2
いも寄,1
りには,2
せない,1
はあと,1
よ。 ,1
」とエ,1
ちを覚,1
ど誰も,1
だ、ウ,1
もう一,2
取るよ,1
うは最,1
らえま,1
じめな,2
。延期,1
時、私,1
」とブ,2
ないそ,1
だし、,2
な人物,1
ど議論,1
遠くは,1
な漆黒,2
たの。,1
か、ふ,1
はホテ,2
かし翌,1
の庭が,1
して枕,1
あのす,1
の 田,1
したも,1
したい,2
にもつ,1
うとす,4
のわり,1
を言い,1
側には,1
、頭上,1
彼はた,1
娯楽用,1
の 時,1
てきた,13
逃げて,1
は非常,1
" 前で",1
度か二,1
尉の答,1
をつき,1
ボック,1
めこま,1
紹介状,13
私によ,1
柄のよ,1
奴だ」,1
日足が,1
！ 「,1
来た箱,1
とは厳,1
た。カ,1
けたま,1
彼はホ,1
馬鹿く,1
て電車,1
かと思,1
理解し,2
色の残,1
をはた,1
終局。,1
しみは,1
ほうが,1
" だ、",2
を伸ば,1
じとこ,1
、才気,1
ジ・カ,1
しな投,1
り、イ,1
、郵便,1
はすぐ,4
インタ,5
大喜び,1
まま鉛,1
を下り,1
ルトン,14
りに頭,1
……私,3
きたか,1
、喜び,2
私はな,1
愛なる,2
んど我,1
緒にに,1
って下,1
まで寝,1
…走っ,1
かなり,1
もとめ,1
パート,9
とだっ,1
やめな,1
んよ！,1
はいい,1
を、彼,1
アが横,1
フで的,1
間のな,1
師がな,1
。髪は,1
ながら,23
帰れと,1
ューズ,1
灼熱の,1
。 は,1
好機を,1
。あち,1
ーで去,1
が選ん,1
そうな,2
希望を,1
、警部,1
ン人ウ,1
もくだ,1
ンを顔,1
しウエ,1
に消え,2
高峰を,1
だと確,1
多忙を,1
ひいて,1
後ろに,1
んに世,1
し者よ,1
々がっ,1
の新作,1
、ロン,3
人よ。,2
魅力的,2
とてつ,4
のは中,1
ぶつ ,1
つ ぶ,1
が、証,1
ろんよ,1
を剃り,1
ロミュ,1
提案に,1
にじっ,1
髪まじ,1
魔され,1
のほう,7
だロマ,1
せまっ,1
るカー,2
きな鐘,1
ろし、,1
よかっ,2
当事者,1
さい、,2
けて言,1
ら、泡,1
の頭上,1
丸木の,1
ト な,1
か し,1
でもま,1
れにむ,1
、 こ,1
む……,1
いや、,3
家族 ,1
スは間,1
、上の,5
がまだ,1
食べに,2
チゴを,4
い警告,1
私を判,1
を繰 ,1
" 「そ",4
見たと,2
玄関は,1
してく,7
ると言,4
" ら紹",1
りのア,1
お許し,1
ら楽し,1
に会う,2
態度の,1
書きは,1
光の中,1
。 期,1
の前の,1
なもん,1
いかに,1
危惧す,1
け、期,1
もい ,1
を過ご,1
が店に,1
自分の,6
わたし,6
" ああ",2
し訳あ,1
きはじ,2
、蔑む,1
で封を,1
ほとん,6
ボーイ,1
中が若,1
曜日は,1
で、美,1
の草の,1
「いや,1
つく大,1
きりり,1
おぐよ,1
め か,1
二階の,1
非常識,1
一日、,1
またの,1
し、ア,1
た舗 ,1
ルの方,1
る一条,1
た、皆,1
の事件,3
てバー,1
私も判,1
の、で,1
らい生,1
つ買っ,1
いる最,2
あ、失,1
が薦め,1
途につ,1
を読ん,1
かだっ,1
第一章,1
かま ,1
、楽し,1
んアー,1
魅力あ,1
一階の,2
に恋し,1
人なら,1
お答 ,1
りはじ,1
守主義,1
いにも,1
どであ,1
兄弟か,1
昨夜の,1
ラルド,1
はさら,3
人間だ,1
の名前,4
はなは,1
くなく,1
、ひょ,1
いつも,4
のジェ,1
私の予,1
ごいを,1
視線は,1
国から,2
ンネッ,1
ろなこ,1
" けて",2
、無理,1
と、ウ,1
んて」,1
下が非,1
っ た,3
ルにい,1
可能に,1
チボル,4
レンガ,1
たいで,1
上では,1
う名で,1
む、窓,1
いなも,1
た、と,1
の態度,1
どく気,1
送った,2
ドン塔,1
こなか,2
た。相,1
" 時の",1
だ明か,1
は愛想,1
置いて,4
典はな,1
いるで,2
黒の髪,2
てくれ,13
たに開,1
に話し,2
の血気,1
学 の,1
ちの言,1
ン師が,1
劇場へ,1
ると、,8
リア駅,1
す。何,1
そう私,1
に、い,1
" 「私",1
客はほ,1
はたそ,1
新聞に,2
彼は「,1
使えば,1
にとっ,4
" が近",1
うとお,1
彼を待,1
を望む,1
巨大で,1
の身近,1
は大学,2
たので,49
し、朝,1
どの中,1
張った,1
ス人を,1
わず一,1
女の姿,1
刊であ,1
の裾を,1
たるや,1
" 第一",1
からの,3
くの人,1
よ。そ,1
いと思,3
ぼろし,1
っ組み,1
られて,7
色のダ,1
抒情詩,1
怖気づ,1
から聞,1
に残さ,1
ける人,1
ってお,3
ーアが,1
はウィ,1
女はつ,1
べてを,1
ね。あ,1
いらい,1
状を用,1
たら、,5
を私に,2
の犯罪,1
が同意,1
親はた,1
のです,60
まれた,1
ンドヤ,4
を列挙,1
いる。,5
。知っ,1
と凄み,1
、ほと,2
、ナイ,1
ガーズ,1
ますね,2
で女性,1
てちら,1
た。き,1
のとこ,1
は次第,1
はその,8
物件な,1
故ウオ,1
マン・,1
いこん,1
、わた,4
中には,2
たって,2
じめ ,1
迫った,1
下に、,1
ケンで,2
な闇に,1
そう確,1
通した,1
顔をあ,2
熱せら,1
…様 ,1
な り,2
イセン,1
った若,1
の朝グ,1
と化し,1
私の誇,1
途中ま,1
て大ば,1
気をつ,1
出ると,1
つきは,1
う。い,1
る人は,1
して部,1
を通 ,1
" う人",1
場面で,1
す、警,1
を済ま,1
な方。,1
だめだ,1
え、ひ,1
ュ ー,1
者より,1
と惨め,1
書くこ,1
" まっ",1
は息 ,1
の目玉,1
返って,1
許しく,1
スに合,1
冷淡な,1
仕事を,1
な、と,1
は日ご,1
れを見,2
を判断,2
木曜日,1
ます興,1
時の焼,1
いう開,1
つった,1
さすが,1
できて,1
お話し,6
うに言,2
お気の,2
……走,1
に目を,1
した手,1
う私に,1
ごとき,1
はいて,1
ぞ。楽,1
のは」,1
に知り,1
四章 ,1
、 い,2
べきだ,3
く望ん,1
性なら,1
れにこ,2
をロン,1
。 き,1
が、彼,1
づくと,1
りとは,1
ょ う,1
て 私,1
戻る日,1
また聞,1
を永遠,1
、はじ,1
たにや,1
製で、,1
ん。誰,1
われよ,1
な叫び,1
たりで,1
んの意,1
。です,2
" 「面",1
めかせ,1
楽に耳,1
紋があ,1
僕は兄,1
彼が真,1
して彼,4
のぎこ,1
館に知,1
あの忘,1
かのよ,1
んとお,1
いて君,1
まとっ,2
と考え,2
は埃が,1
トに移,1
でこれ,1
のよう,14
た。私,13
。「七,1
しこま,1
風呂に,1
、帰国,2
子で私,1
命に多,1
はもし,1
しいの,1
。ひょ,1
とを考,2
ない習,1
も話し,1
を屑箱,1
の二つ,1
！ 髪,1
ん な,1
日一日,1
ン発の,1
" なこ",1
とを教,2
は活動,1
…』」,1
旦那様,4
庭師で,1
やイン,2
旅をつ,1
きが最,1
ておか,1
い打ち,1
たほう,1
る音を,1
た、旦,1
彼は紹,1
と差し,1
憤りに,1
りの奥,1
んある,1
議論が,1
気に入,3
人に話,1
前三時,1
らと考,1
あまた,1
例外と,1
くに手,1
ちいい,1
つける,3
要でし,1
第に静,1
の欄の,2
ぎるの,1
取り眺,1
のを感,1
彼らの,1
大尉」,1
う従兄,1
を 迎,1
ぞ！ ,1
食を食,2
議の声,1
エンラ,7
？ う,1
" 私た",3
」もち,1
ボンド,1
ザー＝,11
。感謝,1
け多く,1
スを強,1
訳です,1
だ。読,1
んの声,1
づけを,1
生きて,1
一人の,2
座った,2
え。そ,1
罰され,1
とブレ,2
かさか,1
私でさ,1
ぞっと,2
敏腕を,1
を信じ,1
を も,1
を、胸,1
ルとエ,1
あたり,2
、うろ,1
来の幸,1
いる大,2
台詞を,1
お友達,1
ちにさ,1
刑 務,1
机にし,1
ロ ン,1
路が ,1
を開け,1
離れる,1
の死体,1
庭を通,1
つ残ら,1
前例の,1
さつは,1
まっ ,1
に気を,1
紹介で,1
打診し,1
" 政治",1
へ。私,1
" とば",1
私が持,1
に私の,2
、アー,2
ら介入,1
思いや,1
状とや,1
きこま,1
って、,7
" 私の",3
でくれ,1
け る,1
ギク、,1
" の日",1
とも必,1
練され,1
紙でし,1
垣間見,1
たい、,2
花咲き,1
だ、危,1
ご飯を,4
固 と,1
やり、,1
平和な,1
スはこ,1
た例の,1
イスク,1
おあり,1
紙を ,1
く、彼,1
がフレ,1
なくア,1
た目で,1
だ、カ,1
ら送 ,1
君は行,1
ね。こ,2
た。階,1
ないと,6
係のな,1
か、あ,1
わ。『,1
と興味,1
、庶民,1
聞いた,3
て落胆,1
うか。,5
も、こ,2
は急い,4
も強く,1
が声を,1
のかと,1
えに妖,1
五世が,1
こにカ,1
スを判,1
出して,1
ールだ,1
日曜日,1
たっぷ,2
ーチー,11
な白髪,1
で、ぶ,1
勢を張,1
私に関,1
焼けつ,2
彼はウ,1
た。ブ,1
躍した,1
で、目,1
つきま,2
いいな,1
だイン,2
絡は、,1
か。ま,1
呼びと,1
上から,4
答 え,1
の写真,1
て置い,1
はゆっ,2
失礼だ,1
は金、,1
を企ん,2
頬が紅,1
礼だが,1
は彼女,1
し者と,1
中はい,1
く書斎,1
オリヴ,1
が戻る,1
" ので",1
リカ産,1
ぱい詰,1
Ａ．Ｌ,1
段を上,2
より心,1
に出会,1
ンには,1
術館め,1
、どん,1
" い経",1
、冷淡,1
にほっ,1
ラスの,5
会いた,1
に、声,1
さもな,1
間には,3
とそよ,1
申し込,2
から来,2
れた舗,1
めます,1
返ると,1
して」,2
でしょ,21
めて大,2
痛な叫,1
たつ、,1
性が ,1
て、そ,2
うだい,1
の都市,2
。心を,1
も若い,1
がらロ,1
ある申,1
が好き,1
そうで,3
時の恐,1
してね,1
くと、,3
態度が,1
しゃり,1
帽」と,1
ル ト,2
「いと,1
まわし,2
" ろに",1
・ゴー,1
「お父,1
" いだ",1
や、私,1
ある立,1
ただけ,3
とは認,2
紳士に,1
うに。,1
アイは,1
ら、イ,2
んなこ,5
ターラ,5
いう不,1
食事を,1
しばら,2
事件に,1
切の興,1
介状に,2
うね。,1
ににっ,1
で謎と,1
こかに,1
登山用,1
が、で,1
よ、ち,1
聞の名,1
てもら,3
ア が,1
「もち,2
函した,1
に、上,1
がたま,1
に戻り,1
てく ,1
であさ,1
か二度,1
は彼ら,1
。ひげ,1
しでし,1
たした,1
アイル,1
。 こ,5
て、ひ,1
連中で,1
る日の,1
ど。 ,1
食べて,1
が涼を,1
と覚え,1
とうあ,1
ク・ ,1
い紙面,1
あげ、,2
をノッ,1
いだに,1
ンはい,1
の付き,1
堂々と,1
の書斎,2
きて、,3
と話を,1
もあら,1
にみが,1
が祖国,1
いう重,1
イフで,2
どうか,3
バーソ,1
中から,2
今、賜,1
" 慈し",1
！ 約,1
後のド,1
利益の,1
み つ,1
性は快,1
た い,1
トは一,1
た人間,1
なたは,8
謎に思,1
が動く,1
日一通,1
さやか,1
だのは,1
髪は、,1
リカ ,1
約家の,1
言えな,1
" 苦悶",1
日十一,1
貸さな,1
感が訪,1
人らし,3
" らえ",1
様 子,1
借りる,2
ああ、,2
見せる,1
いで食,1
がやや,1
を外部,1
見出し,1
す。大,1
証言一,1
フリー,13
の汽車,1
にはも,1
る私の,1
はなぜ,1
やらペ,1
トを探,1
……」,5
にはが,1
のどこ,1
ない言,1
ーに座,1
けちな,1
" イギ",2
て入る,1
大変で,1
粗野な,1
る。茶,1
う記事,1
につい,4
っ と,2
ッ ト,1
るのと,1
ウオー,1
もよい,1
は白い,1
…何番,1
毒に ,1
かった,33
と、た,1
ロイセ,1
げて、,1
人のい,1
に手を,1
ンスク,1
親が急,1
とは！,1
るのを,2
ずほし,1
一部と,1
女はテ,1
い著名,1
近づく,1
一気に,1
わだっ,1
いなか,2
足らぬ,1
はぶつ,1
て、中,1
座っ ,1
んの足,1
だけ、,1
。はる,1
文控え,1
気がく,1
く、今,1
わるも,1
が、夜,1
ら、郵,1
の思い,1
戻ろう,1
屈した,1
とを許,2
はそ ,1
ーの新,1
ったり,1
かは皆,1
霧のよ,1
けであ,1
とを「,1
ったい,2
" ここ",2
く、心,1
誇りを,1
過ごし,1
。 待,2
挨拶の,1
彼はこ,1
二章 ,1
んね。,1
にかを,1
まえら,1
、愛に,1
！ テ,2
例の女,1
薦める,1
" トン",2
らず気,1
" 声を",1
っそり,1
" 二年",1
の朝を,2
くアパ,1
た。シ,1
と」 ,1
彼はデ,1
こに着,1
弟はイ,1
ら不動,1
女は息,1
ホンブ,3
" 二度",1
く勇気,1
てここ,1
は許す,1
" トは",1
とき大,1
踏み入,1
くてい,1
。まさ,2
うな」,1
るドイ,1
をさっ,1
は馬鹿,1
ると頬,1
っくり,6
みなが,4
過ぎた,1
切。私,1
、やは,2
愛の人,2
私はイ,1
す。物,1
さいま,1
なんと,4
な文通,1
街のシ,1
てウオ,1
があっ,6
を見れ,2
す。ロ,2
ましょ,2
才気あ,1
い、と,1
た。上,2
私は近,1
「まっ,1
りいち,1
き、国,1
さまよ,1
っきり,3
話しは,1
" づか",1
に も,1
" 「エ",1
いまか,1
えまし,9
、不吉,1
厳 粛,1
など通,1
の輝か,1
ずらそ,1
けたこ,1
が間違,1
封を切,1
ん入っ,1
しゅう,1
宛先は,1
想はは,1
しい審,1
ほうで,1
暗い階,1
ロンド,18
その記,1
ここそ,2
まで読,1
て階段,2
しがる,1
ばなり,4
ですね,2
の証拠,1
横を通,2
々ロン,1
それが,3
ス風の,1
望があ,1
信念が,1
は金は,1
ッジの,1
スの水,1
きらい,2
彼が通,1
人では,2
わけか,1
時に机,1
" 席か",1
聞には,1
きない,1
。目の,1
たある,1
る奇妙,1
させた,1
の知り,2
話をし,1
と後ろ,1
わせる,2
て、帰,1
めぐる,1
受ける,1
でもイ,1
る。あ,1
。 あ,4
間柄の,1
にでき,1
った！,1
が裏庭,1
な人は,2
" を引",1
日後、,1
振り返,2
チーか,1
分に気,1
に見え,1
判断な,1
終えて,1
のつぶ,1
ョック,1
新学長,1
若いイ,1
。君、,1
" いや",1
りむき,1
・テラ,5
ルヘむ,1
やって,3
美術館,1
が私の,3
の悲し,1
いで出,1
和な大,1
野に入,1
むお嬢,1
ん。イ,2
いをめ,2
いこ ,2
紙をお,1
あの気,1
の手の,1
婦人、,1
欄 …,1
幸 い,1
男性が,1
イヤ ,1
開け放,1
度がや,1
、いる,1
、いか,1
の ア,1
わかる,2
大学時,1
中しよ,1
ア の,1
、三人,1
つめる,1
「君は,4
り場に,1
開けら,2
たてる,1
おとず,1
、情熱,1
くじっ,1
抗しま,1
やり押,1
その提,1
は快く,1
人の友,1
き、ま,2
差し出,1
スクリ,1
愛して,2
ま え,1
『最愛,1
スと謎,1
けてき,4
頼りな,1
スクエ,1
十三分,1
そこで,3
追 い,1
て来な,1
めてか,1
いてい,13
……ま,1
皿食べ,1
私の心,2
い奴だ,1
この静,1
はなっ,1
備をと,1
意した,2
いて。,1
。「み,1
一人も,1
ない紙,1
道化 ,1
住まわ,1
返事を,2
言うこ,1
かく迎,1
び新聞,1
物騒な,1
、ずっ,3
の美男,1
せいで,1
ゃった,1
ス！」,1
" デー",1
" 私が",2
わのそ,1
りにい,1
文法を,1
。俺の,1
れいに,1
ーは例,1
尉の冷,1
ある自,1
取るに,1
りに。,1
" これ",1
だけを,2
たとこ,2
下さい,1
が 声,1
づけた,2
味を示,2
「大変,1
かれて,2
かし一,1
" ドア",1
にウエ,1
みかけ,1
女はこ,1
とやら,1
めるま,1
ゃ山登,1
開き、,1
まれぬ,1
もな ,1
て不充,1
告が出,1
た、七,1
と落ち,1
手のお,1
に、も,1
ぶん離,1
いで門,1
るとき,5
リッ ,1
して最,1
たの写,1
いのボ,1
りと考,1
ちゃも,1
の幸 ,1
うとう,2
日の夜,1
で」 ,2
を大い,1
誇り、,1
に近づ,1
嬢さま,3
うあの,1
苦悶の,9
ら で,1
感じま,1
きると,1
で く,1
し み,1
でいる,4
からな,3
三分の,1
とに決,1
て越え,1
死は当,1
ね？」,4
なも ,1
人のイ,1
好まな,1
葉を信,1
レスト,5
…とい,1
黙。大,1
えても,1
へイト,1
弱々し,1
声で言,1
ンのあ,1
えてい,13
った目,1
きで、,1
様子を,2
彼は一,1
を強烈,1
" みち",1
いイギ,3
。部屋,2
たが夢,1
鹿に ,1
読みは,3
きな成,1
か、た,1
た……,1
ートに,3
したな,1
中庭を,6
るとま,1
待ち望,1
ブッシ,1
名前 ,1
えがそ,1
彼がし,1
びえて,1
待であ,1
金曜日,2
髪の、,1
彼はふ,1
を決め,2
にその,2
先のほ,1
死亡告,1
願いは,2
性を見,1
。 座,1
市の間,1
章 こ,1
ギリス,30
がこの,3
うから,3
る、静,1
弟はい,1
らお帰,1
惨めに,1
義とい,1
の悪い,2
込んだ,1
じける,1
連隊ノ,1
いだ様,1
りを感,1
を 開,1
。私は,19
りに整,1
ざ け,1
からめ,1
ちに ,1
すが。,3
登りに,1
転々と,1
えした,1
夕食を,2
、初め,1
い か,1
ト人や,1
っと凄,1
たへ優,2
と言い,6
に心を,1
私はゆ,1
つまら,2
な誇り,1
こで目,1
個人広,1
を選び,1
の先に,1
シャボ,1
、ぎり,1
っと ,1
い、よ,1
たの顔,2
明けが,1
ンド街,2
あ、面,1
く重い,1
やあ、,2
ては、,1
人物の,1
にいて,1
は、こ,1
しげな,1
は青 ,1
は厳禁,1
の紙面,1
の巨大,2
取り出,2
壇をめ,1
、声高,1
にワト,1
ル・ホ,2
これは,5
水曜日,3
。庭の,1
謎にひ,1
夏法な,1
もあっ,1
かけて,3
めかし,1
小馬鹿,1
がら下,1
と し,3
ンプル,2
に嫉妬,1
鳴をあ,1
を鞭打,1
晩、度,1
尉の家,1
わさな,1
支配人,1
んとう,1
とする,8
の時、,1
選び、,1
面会に,1
" ！ ",1
く迎え,2
は誰か,1
ガネム,2
よ！ ,2
日の苦,2
・エン,4
名前な,2
十四日,1
が出る,1
のが最,1
歩きは,1
若きフ,1
りの新,1
てた、,1
ありま,14
ろにい,1
" 陳列",1
子だっ,1
院と」,1
イザー,11
血なま,1
とたん,1
れた静,1
で食事,1
は。ド,1
違い ,2
ィーズ,1
だ、彼,3
" るの",2
た男た,1
に手 ,1
" なく",1
打ち明,1
アを通,1
冷たい,4
と立ち,1
劇と喜,1
ておく,1
クなイ,1
なるグ,1
おそら,1
めにと,1
ひそめ,1
ていく,1
ネ ム,1
…最初,1
ょうな,1
……は,1
、多く,2
紙を書,4
を詫び,1
度だけ,1
注文で,1
引きず,1
に過ぎ,1
間も部,1
ノック,2
えると,1
妻が日,1
" 書こ",1
来たこ,1
スの娘,1
離婚騷,1
配人た,1
が長く,1
っつけ,1
個人的,2
なただ,1
" エス",1
るまで,3
、面白,1
を……,2
ならわ,1
女性な,1
ンの柔,1
この奇,1
、大声,1
にも早,1
た男の,2
紙の問,1
ちの最,1
を告げ,1
在して,2
いつの,1
けか、,1
で取っ,1
イと飲,1
なるく,1
に不愉,1
けの男,1
ントで,1
" さも",1
トやイ,1
壁、花,1
聞き、,1
社長の,1
、たく,1
まない,1
々たる,1
な伝言,1
はなら,1
週間の,2
れない,5
ズ紙上,1
通りす,2
人とは,1
「初め,1
。「そ,1
書斎と,1
失敗し,1
れ、長,1
い。そ,3
" ひと",1
は、多,1
一瞥も,1
ない事,1
して夏,1
人ウエ,1
な双子,1
よく言,1
景でも,1
ン」な,1
ア大尉,7
在中に,1
なと思,2
ヤしな,1
の古 ,1
もよか,1
愛の祈,2
トは部,1
るので,14
け、酒,1
尉の動,1
と中尉,2
普通の,1
気持ち,5
な田舎,1
立ち止,3
を温か,1
裏付 ,1
抜け、,1
ロック,1
いイン,1
と喜び,1
のお母,1
ち で,1
いるそ,1
、考え,1
とあな,4
ってそ,1
" 雲の",1
、静か,3
鍵を取,1
くれ。,1
ろをご,1
庭を手,1
、昨夜,1
所望 ,1
優雅な,1
から帰,3
中を、,1
て六 ,1
りです,3
るから,1
女は厳,1
に 私,1
ティに,1
ないウ,1
に困る,1
るとは,2
も、し,1
らしで,1
とがな,1
と対面,1
はどん,1
郷のカ,1
なナイ,1
れをロ,1
かまう,1
こには,1
スの裾,1
っと、,1
ぜ、こ,1
中も聞,1
夜中で,1
害で ,1
うとア,1
騒ぎが,1
れ！」,1
って口,1
ほどで,2
げで ,1
人が六,1
って探,1
遇の好,1
も失っ,1
因だと,1
むこと,1
はアー,2
のかを,1
ステッ,3
た。イ,2
調べよ,1
ひかえ,1
。私を,1
もまれ,1
へ食事,1
の子だ,1
き、雪,1
、店主,1
な挨拶,1
ー・ウ,3
な町で,1
店主を,1
少し埃,1
ともせ,2
書くと,2
ーブル,4
婚騷動,1
を話題,1
んど誰,1
されて,4
さなか,1
進み出,1
た人な,2
目にと,1
手に取,1
九時。,1
ユング,1
下宿す,1
ろしに,1
ァー・,1
ず、私,1
が何度,1
します,5
セルビ,1
いる！,1
靴の硬,1
た。部,1
めきは,1
つく都,1
い。私,1
情に通,1
取り上,2
段を忍,1
い、ほ,1
与えた,1
でもい,1
広告、,1
" うと",2
できる,2
屋は準,1
にいら,2
なはだ,1
死んで,2
は、あ,2
ンで消,1
こしで,1
さかれ,1
。あの,3
、ふと,1
がいて,1
」と警,2
の水生,1
で目に,1
まずい,1
づき、,2
ズも赤,1
そんな,9
予想は,1
するの,4
こった,1
一九一,1
の国の,1
曜日、,1
事をく,1
まわせ,1
来て三,1
ホテル,25
と い,3
んだ最,1
き、完,1
がら…,1
も私も,1
んとし,1
して注,1
きはひ,1
が口を,1
ん。も,1
うにい,1
にやり,1
介状は,2
きた ,1
う意味,1
さにそ,1
輝きが,1
、自然,1
念なが,1
とはき,1
他人に,1
無心を,1
驚くべ,2
プロイ,1
で読み,1
は毛ぎ,1
すぐ ,1
。 し,4
、政治,1
、ふた,1
きます,5
" りを",1
外側に,1
浮か ,1
してウ,1
と、父,1
警察官,1
人がい,1
" すく",1
人はそ,1
目を見,1
に多く,1
ド陸軍,3
は不誠,1
これ、,1
" たく",1
いえる,1
私から,1
…大尉,1
う。彼,1
女がふ,1
争いは,1
らの紹,1
列挙し,1
天国の,1
家がた,1
緒に行,1
る長椅,1
寄った,1
ことだ,3
は答え,3
便宜を,1
っぽい,2
這うツ,1
クを受,2
の時で,1
りした,3
らそう,1
証明さ,1
ュ・ボ,1
九日月,1
も建前,1
雲の上,2
をいさ,1
種族の,1
でつい,1
愚かな,1
に厳し,1
し、ど,1
なん ,1
止める,1
鞭打ち,1
白くて,1
ー ス,2
すみま,1
" など",1
を手紙,1
なかっ,23
なるぜ,1
机にむ,3
まった,1
にうつ,1
礼なが,1
移動は,1
ン！」,1
した頬,1
。おろ,1
ぶつけ,1
。『あ,1
れなし,1
部屋は,2
ンソニ,2
け取り,1
に白い,1
には愉,1
のホテ,1
かし挙,1
らか ,1
人。ビ,1
した ,2
切……,1
ぎらい,1
えるよ,1
葉を使,1
騎馬隊,1
件が ,1
ませは,1
感謝の,1
巻き添,1
大尉で,2
古 壁,1
含まれ,1
「領事,1
。若い,1
れもあ,1
。夕食,2
んだ。,6
な思い,1
れから,6
ト気付,1
ステ ,1
ません,35
る努力,1
に入り,3
とられ,1
法をお,1
に入 ,1
をとき,1
け て,2
たとい,4
た。火,1
いるの,14
、変わ,1
、今も,1
じゃな,6
、私を,4
男だと,1
日はロ,1
上の方,2
な種族,1
す。今,1
にぶつ,1
が小馬,1
カ人と,1
ね。と,2
れとは,2
た。昼,1
った。,51
ないさ,1
とを話,2
れは私,1
、二十,2
ば ら,1
に、そ,1
い方を,1
せわし,1
大英博,1
状況で,1
したが,10
静か ,1
ウィー,1
たが面,1
た。で,2
人間を,1
く予定,1
彼はし,1
まえ」,1
度は明,1
欄を、,1
と移動,1
で、柄,1
みもそ,1
花の上,1
からで,3
" 手紙",1
" 第三",1
" 壁、",1
目の記,1
ほうを,3
たちを,1
ついた,5
の門が,1
政治 ,1
机を見,1
男、大,1
。手紙,1
ここだ,1
の門。,1
「 ち,1
うな、,2
ー・シ,1
る、私,1
くユ ,1
品を受,1
い一文,1
は胸騒,1
、もっ,2
登り、,1
後ろを,1
は机に,1
さま「,1
の予定,1
スは高,1
を灯し,1
せはじ,1
。 カ,1
の男性,2
ランを,1
晩に、,1
す。ど,1
に、大,1
、心が,1
れたら,1
に一本,1
尉に面,1
争っ ,1
ん、あ,1
ちびく,1
ーが見,1
ッキの,1
。外は,1
で語り,1
く晩に,1
ーのい,1
たちど,2
灰紫色,1
で、と,1
人もい,1
んこん,1
のダー,1
で、オ,1
いのだ,1
の理由,1
た。も,1
うちの,1
がら好,1
らウエ,1
わしく,1
シティ,1
その笑,1
のフレ,1
もまだ,1
ひかな,1
。シャ,1
ほうに,1
初でし,1
隊ノー,1
屋とそ,1
あの目,1
" そう",5
い手を,1
もしも,1
最悪の,1
で、急,1
謎が豊,1
トに来,1
はお昼,1
この会,1
つづい,1
用であ,1
り、そ,2
常識だ,1
です…,1
九一四,1
とロマ,3
私はこ,5
ぐこ ,1
を可能,1
貴婦人,1
のあな,1
、黙っ,1
すこし,2
ぐらせ,1
声 を,1
。最初,2
スをま,1
ラール,1
に は,2
ては「,1
ドン ,2
話をか,1
胆した,1
だグレ,1
どあざ,1
熱をこ,1
いまだ,1
で魅力,1
、紹介,1
庶民は,1
ベータ,1
時代、,1
れる一,1
がいい,2
壁を高,1
」私は,1
言葉に,1
六 カ,1
ものだ,2
うに何,1
食室が,1
する。,1
も謎に,1
スを呼,1
こロン,1
、床の,1
庭教師,1
。赤い,1
" 証明",1
が教え,1
ればよ,1
たコガ,2
たに心,1
ゴ狂い,1
かけさ,1
紙を手,2
な面倒,1
念です,1
をこえ,1
階の玄,2
いシャ,2
でテキ,1
ーズ劇,1
。関係,1
ら、も,1
の好機,1
どうぞ,1
んなふ,1
その無,1
の目を,1
強く、,2
れはな,1
が 彼,1
き帽子,1
話さな,1
。苦 ,1
かぴか,1
りで取,1
しいで,1
ーダや,1
茶を飲,1
いたと,4
間くら,1
" さて",1
年に話,1
女性が,4
" 図を",1
の傲慢,1
女中が,1
はタイ,1
には悲,1
上には,1
ポスト,1
、たち,2
身体を,1
そこに,7
ルの ,1
ス。 ,1
話口へ,1
へ歩い,1
て来て,1
に着く,1
ろうか,5
に宛て,1
尉の知,2
大尉を,1
ささか,1
朝、私,1
う。私,1
用、デ,1
た激し,1
" 二十",1
間から,1
合いだ,1
えるほ,1
かし自,1
こぞっ,1
の花屋,1
えない,1
、望ま,1
れもこ,1
をば ,1
尉に会,1
かつか,1
地につ,1
" て手",1
ースに,4
大ばく,1
二十九,1
祖国か,2
、永遠,1
" 私を",1
けなけ,1
で台詞,1
」彼は,2
品なこ,1
がつい,3
" れに",1
謎とロ,4
の古ア,1
付け加,1
。上品,1
" を呑",1
る質実,1
熱烈さ,1
持ち主,3
で頭が,1
とをす,1
習性で,1
おいて,1
くりの,1
とつ見,1
と偶然,1
た。地,1
スの火,1
切に所,1
押しこ,1
様が彫,1
手の「,1
" こう",2
しい沈,1
屋では,1
ケンを,1
心しま,1
彼はう,1
のかぎ,2
いこと,12
僕が薦,1
にそそ,1
れた窓,2
重 要,1
いんだ,1
とが予,1
解する,1
去りぎ,1
ビアに,1
王様と,1
＝フリ,11
に彼の,1
どくか,1
はこの,8
しって,1
はフレ,2
をそそ,1
郵便ポ,1
スイー,1
こ う,1
突 然,1
「グレ,1
とくに,1
目で大,1
におな,1
中では,1
ガの古,1
尉のよ,1
スに帰,1
生やし,1
、目の,1
す。庭,1
ちはご,1
。ロン,3
罪者 ,1
窓のむ,1
国して,1
くれた,8
ってあ,1
ど失敗,1
ーマン,1
な言葉,1
だけに,1
おいし,1
いさん,1
ートル,1
も聞き,1
い感情,1
方をす,1
黙って,1
に、ほ,1
たなん,2
えば書,1
ネクタ,2
したの,15
と、機,1
い親近,1
まえに,1
子をひ,1
！ ウ,1
思える,1
パに来,1
、長椅,1
れた血,1
よ」 ,2
かまわ,1
望 致,1
任命に,1
で堂々,1
びにあ,1
の従兄,2
けた。,3
の朝の,1
にな ,1
じりと,1
にそれ,2
のメッ,3
たちま,1
惑させ,1
皆目見,1
を失い,1
スを探,1
様！」,1
ねに答,1
急いで,8
を、見,1
。一瞬,1
事が押,1
と思え,3
" おか",1
寄らな,1
らにア,1
ろがり,1
が。 ,3
。膝が,1
人の子,1
うつっ,1
ぎりぎ,1
ど 魅,1
欄のお,1
ランの,2
を借り,2
い ん,1
、皆さ,1
構」と,1
どこか,2
の紙を,1
はご想,1
。なに,4
を見つ,3
時のジ,1
ニーも,1
で面倒,1
分の未,1
求婚者,1
た金髪,1
審査を,1
つもり,1
返して,1
のロン,1
" 完全",1
たまぎ,1
人であ,2
こそ夢,1
んどあ,1
ブンは,1
の通り,1
疑惑の,1
ンサス,1
いう勧,1
宛てた,1
か ま,1
がはし,1
木……,1
、前例,1
で廊下,1
二十八,1
斎にい,1
、危険,1
りとし,2
してや,1
ししま,1
この ,1
会うよ,1
ぎこち,1
の枝を,1
とうと,2
うを振,1
を引い,1
、金の,1
とが証,1
つ一つ,2
たりは,1
は結局,1
帰国し,1
所とい,1
詞を聞,1
いだ、,9
いでく,2
た。心,1
と こ,1
ぶり ,1
の荒々,1
乱れて,1
頃 の,1
通ると,2
めだ。,1
。こち,1
朝九時,2
" …あ",1
定めを,1
。 書,1
の顔に,2
の脇 ,1
間もな,1
" で、",1
か見ら,1
朝のニ,1
行って,4
ににな,1
登って,1
かりに,1
。警察,1
ドンで,1
ても ,1
も寄ら,1
ぎてか,1
下をむ,1
ら、ど,1
見られ,2
はうれ,1
くして,2
門。 ,1
スがぜ,1
が急い,1
大の理,1
なか、,1
" なか",1
ん、旦,1
、イチ,3
ニュー,5
変わら,1
おかね,1
月二十,2
" 次の",2
のおか,2
欄があ,1
そこへ,1
だちに,1
に足ら,1
り内気,1
せんね,2
おろか,1
イは鋭,1
。「ヨ,1
にはエ,1
ままに,2
ら乗 ,1
にはな,2
ろいだ,1
面白く,2
また勇,1
のいま,1
ば聞こ,1
。「と,1
めてバ,1
田舎が,1
あ、涙,1
笑いを,1
いう様,1
の髪の,2
。そ ,3
かける,2
産で、,1
と申し,1
いう老,1
んなに,3
つで彼,1
かのど,1
らい開,1
も思わ,1
れた名,1
、彼ら,1
富、悲,1
な 市,1
が、た,2
に謎が,1
ほかに,1
いはた,2
けだっ,1
ぎた。,1
ろには,2
「わか,1
ては捕,1
に厳 ,1
彼は答,1
日の分,1
がたむ,1
人と申,1
女性の,3
女中の,1
をお許,1
しでは,1
。これ,3
、うさ,1
しい、,1
へつう,1
日の午,1
在しな,1
き た,1
連絡は,1
充分な,1
た。 ,84
二人の,2
こへ食,1
トのイ,1
先に出,1
が不安,1
上に、,1
をもく,1
は謎も,1
十二騎,2
ンを離,2
、カー,2
部屋へ,2
を証明,1
まで ,1
らず、,3
たは謎,2
の塔。,1
事上の,1
、そこ,2
答えま,2
イル ,1
世紙も,1
まへ。,1
の、苦,1
" とウ",1
て、私,1
笑った,2
" とと",1
てる？,1
き止め,1
ゴ男さ,1
。いや,1
大尉な,1
も別に,1
に気が,3
。「め,1
う警告,1
の劇に,1
前には,1
つけの,1
、よじ,1
は兄…,1
たいす,1
につき,1
ボルド,4
っ ち,1
かすこ,1
のくだ,1
のは ,1
ビガー,1
が証明,1
興味津,1
、ここ,3
部をす,1
髪の家,1
、こん,1
いるけ,1
に言い,1
つぶや,1
共通の,1
" は見",1
すよう,1
しかし,25
」など,1
" 待っ",2
。今日,1
ないだ,4
ので。,1
ートも,1
す」 ,7
に、な,1
こにワ,1
ツを好,1
に、イ,1
ないア,1
したみ,1
た。な,5
" した",4
成行き,1
ろでし,1
カ人観,1
笑を ,1
まえ。,3
。愛国,1
彼はじ,1
ら争う,1
" 巡査",1
、生ま,1
登場 ,1
尉です,1
間、彼,1
が王様,1
打ち ,1
ッキが,1
くんだ,1
言する,1
と危惧,1
こにこ,1
思えて,1
は百科,1
ると品,1
ほう、,1
朝、カ,1
。水曜,2
性の美,1
解して,2
辞典は,1
んでき,1
いうイ,1
忘れら,2
うこと,12
。女性,1
呼びだ,1
は開い,1
。その,15
だ最大,1
挙しま,1
間を過,1
みせた,1
ゴが食,1
要注意,1
はすく,1
かが一,1
議事堂,1
勉強用,1
仕事に,2
が壁を,1
ナイフ,4
みなさ,2
ろんア,1
、バル,1
は動き,1
。 ウ,6
を探し,4
気品 ,1
的な抑,1
代、上,1
！」彼,1
ノーマ,1
いまや,1
「残念,1
なおも,1
があな,2
をしな,1
足音が,3
シャン,1
れ、ロ,1
ら思え,1
す。ウ,1
つもこ,1
幸いだ,1
つか話,1
はいら,1
がまず,1
胆に、,1
キを買,1
り眺め,1
に漏ら,1
。あな,5
でした,33
ば、刑,1
ーツを,4
し、彼,1
人 に,1
面しま,1
、ポケ,1
作者も,1
のアメ,4
食室の,1
トが呼,1
ツをみ,1
食を終,1
ても仲,1
そうは,1
べき、,2
彼女と,1
月前、,1
う冷た,1
に浮か,4
ても強,1
を早 ,1
ーヨー,1
イ長と,1
えて ,2
で帰 ,1
" いと",1
ショッ,1
会 議,1
たはと,1
で、口,1
。謎と,1
んと地,2
きなら,1
の住所,1
分ほど,1
べて読,1
きらき,1
ンにい,2
欄を探,1
もしか,1
かるか,1
怒して,1
トまで,1
地下室,2
" たわ",1
識とい,1
く、さ,1
人だと,1
話しし,4
ばくち,1
りかこ,1
い都会,1
扉を ,1
心 の,1
くろん,1
うに深,1
身じろ,1
いを忘,1
たあい,1
けはな,1
パーズ,1
いで口,1
貸用物,1
国の途,1
きたコ,1
は！」,1
しい朝,1
ば、ア,1
て、イ,1
たにと,1
の利益,1
いだっ,2
。 最,2
長い手,1
、強く,1
の 上,1
は悲劇,1
百万回,1
ては庭,1
、十年,1
ない様,1
にか異,1
かわせ,1
るよ、,1
廊下 ,1
うにに,1
ら、わ,1
「とっ,1
礼いた,2
" ちっ",1
う不平,1
。薄暗,1
れはす,1
ちでや,1
の熱い,1
紙のう,1
ロして,1
の魚」,1
を話そ,1
書かな,1
玄関先,1
を し,1
あたた,1
最も大,1
レイ ,1
が、半,1
まけに,1
。こん,3
白くな,1
やるよ,1
が、才,1
茶店の,1
フュー,1
のだ、,1
テラス,5
方は不,1
" エレ",1
い顔に,1
張るこ,1
中のセ,1
せんか,4
ウオ ,2
" リカ",1
" ぞき",1
出てこ,1
性に興,1
部屋に,5
動き回,1
ょうが,1
しに下,1
て手紙,3
何度も,3
度も何,1
カルな,1
重要で,1
んても,1
ころに,6
微笑を,1
味を失,1
" もと",1
倒に巻,1
くこと,3
スの政,2
たいと,1
意味す,2
の変る,1
その敏,1
んだが,2
治家の,1
ほど離,1
まぐさ,1
女は「,1
高価な,1
きでは,1
てふざ,1
持ちし,1
色を浮,1
章 二,1
、共通,1
前で取,1
すてず,1
いた緑,1
たかと,2
じめて,2
す。一,2
やりま,1
女はお,1
み、悲,1
木の椅,1
てしか,1
後通牒,1
に座る,1
ま「お,1
ったも,1
るとい,4
その目,1
この投,3
の誠実,1
美 し,1
マンチ,2
かまど,1
語も聞,1
中にさ,1
にかが,3
が住ん,1
ルの女,3
堂から,1
をつけ,3
たんで,2
ェフリ,3
で、そ,1
り は,1
がね」,1
た。タ,1
で、フ,1
か、自,1
よ」と,2
" 家が",1
隣人で,1
にが起,1
す」視,1
" は勉",1
せた相,1
あると,1
興味あ,1
て く,2
に。水,1
一条の,1
の紙の,1
が、見,1
イギリ,30
仲のよ,1
渡した,2
ペテン,1
日、無,1
も必要,1
庭をご,1
法の門,2
" 約二",1
したち,1
きでも,1
を言っ,2
紙を読,2
て申し,2
大切。,1
りに面,1
顔の大,1
を上に,1
に便宜,1
彼は軍,1
かい推,1
" 思わ",1
思う。,1
の席に,1
も説明,1
し ょ,1
私の言,1
鞍がえ,1
連日、,1
た。ダ,1
彼はグ,1
こに…,1
つきと,1
る人な,1
「おや,1
かく薄,1
デュ・,1
とんで,4
いい。,2
てこな,2
めから,1
の指紋,1
り出し,2
位のあ,1
の回廊,1
ほうは,2
度。そ,1
豊かに,1
れ色の,2
" の願",1
経つが,1
" まま",1
私は庭,1
なして,1
事もど,1
記者の,1
「それ,2
く処罰,1
なにや,2
事に取,2
で庭か,1
突き当,1
は若き,1
くの犯,1
民地か,1
一語も,1
ぴろ ,1
食を取,1
ふれ出,1
れたイ,1
" 強く",1
から愛,1
しまっ,1
音が聞,6
れたの,2
った一,1
こまで,1
と言わ,1
みませ,1
を出て,1
かいく,1
に に,1
。あり,1
人物で,2
そう、,1
のはあ,1
。 「,45
ター内,1
最中も,1
語ると,1
見てい,2
" にな",1
下へ ,1
だ。は,1
にお付,1
" ジ・",1
ウ エ,1
あげず,1
失い、,1
くから,1
やわら,1
聞を持,1
しロン,1
室で見,1
のつま,1
うござ,2
るには,1
第四章,1
ンはそ,1
い習性,1
なわけ,1
のが？,1
、彼は,12
ーケッ,1
非難な,1
つを列,1
兄とち,1
わたっ,1
イディ,2
を吟味,1
れはイ,1
かし惨,1
食 べ,1
う開放,1
イメー,1
って行,3
そのす,1
。父親,1
紋が、,1
である,21
ればな,8
要因だ,1
は足を,1
前なん,1
トのご,1
、柄は,1
かりま,4
七時を,1
ための,1
ら揺る,1
想像い,1
視した,1
" 「知",1
じ登り,1
" クと",1
、なん,3
の目つ,1
花盛り,1
" せな",1
ンで私,1
クする,2
者が、,1
テキサ,9
落ちぶ,1
に頭を,1
夜の七,1
、早め,1
レイ警,3
師に、,1
遠にあ,1
。生垣,1
あの中,2
暗いひ,1
なたれ,1
ロマン,9
た中年,1
は、自,1
わ。約,1
か金を,1
況につ,1
かがみ,1
け加え,1
をひい,1
くべき,2
べにカ,1
その千,1
" 心臓",1
ジョー,1
れて読,1
らです,3
大尉が,5
だなと,1
れもし,1
そう言,3
大尉。,1
くつか,1
奨励さ,1
注文控,1
ースは,7
かし私,3
面識と,1
の……,3
、ジェ,2
に、情,1
" かな",1
ぎるロ,1
ど大尉,1
持ちい,1
ず気品,1
大いに,2
" 然、",1
お手伝,1
すてき,3
くれな,1
裾をつ,1
士を住,1
に立っ,5
手紙か,1
の無作,1
イーズ,1
前 は,1
いく ,1
か、と,1
るうち,2
科辞典,1
閉ざさ,1
今はほ,1
には私,1
いに行,1
むかわ,1
い詰ま,1
……し,1
ははず,1
れは失,1
。「ご,1
がゆえ,1
えた紳,1
この部,1
は、夕,1
告が、,1
かと不,1
恐怖は,1
私と思,1
！ 相,1
おやす,2
の埃っ,1
を疑う,1
背景の,1
ら、私,4
彼を死,1
じソー,1
さな町,1
る中か,1
" 私に",1
要とす,1
が横を,2
ってや,1
治家が,2
んだの,2
" 上の",2
をとっ,1
朝刊を,2
の真下,1
上、壁,1
紙に取,1
ます…,1
、シェ,1
のステ,2
。 自,1
かが階,1
かれた,1
ムズが,1
いう警,1
ックス,1
劇に出,1
かぶの,2
ン の,1
訪ねて,1
その晩,1
けるく,1
り着く,1
かびま,1
この古,1
を死刑,1
大差あ,1
た。薄,1
の毒に,1
くお話,1
うのは,4
るとイ,1
さを疑,1
ったま,3
よ風が,3
うに響,1
どり着,1
下りま,1
任せし,1
た。す,7
うとは,2
だがね,1
かとて,2
な使命,1
尋ねに,1
子たち,1
は認め,2
私のも,1
ぐりを,1
る中庭,1
たのお,1
たん、,1
。箱の,1
が、蔑,1
のめさ,1
" 窓の",1
より ,1
から、,6
しそれ,2
、全然,1
ある恋,1
イピン,3
はアデ,1
スコッ,4
物が並,1
り。 ,1
走って,1
じた人,1
られ、,1
トはカ,1
と思い,4
、さだ,1
、女学,1
紙面が,1
山師で,1
セント,4
。「喜,1
後です,1
さんか,1
け抜け,1
あの男,1
ずるよ,1
れ、ま,1
対 し,2
ろんこ,1
完全に,1
癖です,1
ろで皆,1
ド・シ,1
茶色の,1
なれて,1
宿を探,2
けれど,1
あの時,1
スに対,1
は明ら,1
もちろ,8
ら賜暇,1
" で聞",1
" げで",2
・バー,1
言っと,1
は軍法,1
ナード,1
に埃が,1
の猛暑,1
だを小,1
早起き,1
きて申,1
理由が,1
えれば,1
実さを,1
にほの,1
のじゃ,1
るがま,1
、とで,1
好きな,2
とはで,2
ルがに,1
らまい,1
あやま,1
たあな,1
て頭を,1
を書く,3
れ、彼,1
おり、,1
説きつ,1
烈さに,1
赤いイ,1
挑戦的,1
然とし,1
" 狭く",1
ット街,1
う、ア,1
" りま",2
り返し,1
て、も,2
の気ま,1
女は次,1
フリ ,1
かこま,1
激怒し,1
入りの,1
たにお,3
テルか,2
あとの,1
なもの,9
「大英,1
差し上,1
" 車し",1
一度き,1
間に美,1
抱いた,1
とウオ,5
かけま,1
" いで",2
き、突,1
痛々し,1
" ち、",1
を決心,1
て何ク,1
あんま,1
くする,1
勧告が,1
たは中,1
ると彼,1
が、な,1
" です",2
づかい,1
うか私,1
た ま,1
、すば,1
、長い,1
" 乱し",1
屋を借,2
排他的,1
状くら,1
話です,1
ドンに,5
" ちら",1
くしな,3
あちら,1
もお引,1
う？ ,1
じった,1
いう従,1
その扉,1
、と。,1
く彼の,1
次いで,1
ても恋,1
散歩し,1
屋をそ,1
ン・オ,1
中を見,1
いい奴,1
ル ー,1
んから,2
トの花,1
、ご紹,1
にあふ,2
" 段か",1
像いた,1
怪なメ,1
は下を,1
と話し,1
たイギ,1
るため,2
い訪問,1
れはも,1
、庭を,1
どうい,1
を生か,1
せた庭,1
シンプ,1
間を見,1
らいら,1
期待は,1
目の持,1
の熱し,1
かにみ,1
まとも,1
ひきつ,1
しここ,1
違った,1
人」と,1
は驚き,2
足 を,1
いはこ,1
なたと,2
" 開く",1
いたあ,2
りほの,1
節はず,1
しい」,1
降りか,1
かりを,1
た男性,1
来て ,1
らたく,1
断固 ,1
" らし",1
だの中,1
はさっ,1
快を感,1
人が涼,1
スが…,1
脇 を,1
、ひど,1
こう言,1
ャボン,1
味もな,1
間違っ,1
のが見,2
はずれ,3
の願い,2
なまぐ,1
と彼の,1
。当て,1
、 土,1
ず、そ,1
まちを,1
のイチ,1
" かも",1
、そし,1
離れた,2
れ故ウ,1
ら」 ,1
プト人,1
コット,3
で言い,1
世間の,1
ろを理,1
ろいろ,2
大尉の,16
を待ち,1
る。 ,7
セン人,1
いとま,1
くつづ,1
。男は,1
るのは,3
なくと,1
だくの,1
が……,4
ころを,2
がくれ,1
だと ,2
ーナー,1
る奇怪,1
の外の,1
らえ、,1
？ カ,1
たと一,2
の無心,1
いるさ,1
一通の,1
がおま,1
。デー,1
私は大,3
き届い,1
とされ,1
ッキを,2
欄まで,1
てしい,1
が席に,1
うと立,1
誰か？,1
と毅然,1
ーが彼,1
。第一,1
控えを,1
" 味を",1
彼は思,1
きな要,1
悪くし,1
。み ,1
ばよか,1
るとし,2
ンスと,1
はたか,1
ったく,1
から介,1
らした,3
、運命,2
な声 ,1
」 一,1
示して,2
今は…,1
も彼の,1
リスで,2
示す輝,1
やはり,3
てあり,2
っそく,1
を 完,1
なる？,1
たらウ,1
。命よ,2
ち足り,1
欄をお,1
で す,3
めこみ,1
私のほ,1
な ど,1
性はウ,1
" 座っ",1
で、あ,1
人もの,1
をなお,1
味を ,1
彼と対,1
はひど,1
門。そ,1
スの…,1
大人気,1
のっぴ,1
ス。第,1
行くの,2
、ノコ,1
" はじ",1
性がい,1
迷って,1
法なの,1
んな内,1
一つ二,1
女は鼻,1
ーブン,4
帰りで,1
で的確,1
サスと,1
い だ,2
されま,3
しなけ,2
通ずつ,1
もご存,1
下ろす,1
。 ア,3
は時折,1
。風は,1
。「私,1
なんで,1
出され,1
ルビア,1
の机に,1
真のこ,1
す。ア,2
とき彼,1
長です,1
めった,2
いる一,1
割 を,1
四日、,1
かべた,1
は、お,1
活動的,1
ーリー,11
り押し,1
い。他,1
る。と,1
。 と,2
スを非,1
浮かび,1
くとき,1
しさに,1
すべき,2
二度、,1
に。 ,1
そうに,1
してち,2
揚をつ,1
件の重,1
ものテ,2
どい ,1
を調達,1
オータ,1
人観光,1
たび出,1
足が地,1
いる彼,1
…私が,2
ぜ」 ,1
示す天,1
を見ま,4
ち寄り,1
つづき,2
で答え,1
ォート,1
がロン,2
情な視,1
行き届,1
下 で,1
日朝九,1
日で、,1
をした,2
い癖で,1
スは ,1
高い、,1
峰を後,1
プトや,1
らい打,1
……大,1
私はブ,1
つもの,2
た方は,1
も、彼,1
きる証,1
ない理,1
で戻ら,1
かいを,1
ードに,2
もの熱,1
じくら,2
。今ち,1
なら喜,1
。 た,1
騒なほ,1
れに、,1
がいた,1
これら,1
玄関の,2
ツをお,1
なぜ私,1
私と話,1
い 女,1
はかつ,1
とを外,1
態度は,1
息をつ,3
た。赤,1
まいち,1
トは言,1
は残念,1
トン・,15
ら追 ,1
信じら,1
二度と,3
土曜日,2
書いて,2
入っ ,1
叫び声,1
機会を,2
める女,1
だに、,1
情から,1
" せん",1
たどり,1
でも整,1
い人魚,1
その優,1
きを失,1
" ちで",1
。疑い,1
" きる",1
は、机,1
うろ歩,1
しゃっ,1
を思い,3
" あろ",1
が、い,1
前がい,1
" る。",1
バルコ,3
ろにひ,1
し多忙,1
なたほ,2
早めの,1
を物語,1
関から,1
は？」,1
といっ,2
のどん,1
ら喜ん,1
ウエ ,1
" らい",1
え。も,1
む ろ,1
スが戻,1
認めて,1
七時に,1
はるか,1
とレス,1
ふと霊,1
面玄関,1
かんで,2
ムシの,2
実際、,1
然テー,1
青春の,1
休刊で,1
週間前,1
人とい,1
うでし,4
書こう,1
げます,2
をひろ,1
つては,1
いてく,1
、かま,1
" んだ",2
。「ひ,1
緑の草,1
て最も,1
ころは,2
十七、,1
後、テ,1
、今回,1
生ま ,1
ぱって,1
警部を,1
時頃、,1
は初め,1
むべき,1
スの家,1
の、通,1
人的メ,1
放たれ,1
、この,6
瞥もく,1
いるイ,1
" こん",2
ても有,1
いぶん,1
、大男,1
」とテ,1
らは彼,1
ね。警,1
のでは,5
の植民,1
今はぶ,1
うに静,1
読むの,1
いる英,1
は奴を,1
水を一,1
しく抵,1
て、混,1
、お近,1
とかそ,1
紙があ,1
取り掛,1
に誘い,1
妙な事,1
ん離れ,1
" 五分",1
たんに,1
て口づ,1
し品の,1
械仕掛,1
内にい,1
」 イ,1
に移っ,1
私の話,1
のソー,1
からは,6
中に座,1
々怪々,1
晩はス,1
頭上を,1
彼はニ,1
けたの,5
二つ目,1
とがわ,1
のめ ,1
頭に浮,2
で彼を,1
紙面の,1
うなら,1
が永遠,1
なにに,1
れまで,1
ットの,1
列して,1
らし ,1
" 何フ",1
業者の,1
話を裏,1
て感じ,1
、夜明,1
いなと,2
い山を,1
ー内に,1
「これ,2
頼むよ,1
わいそ,1
だけだ,1
気がな,1
じめか,1
！」ウ,1
読みな,2
て大尉,3
ぶしぶ,1
歩き回,2
決定的,1
目がな,1
は日曜,1
入れま,2
ンドで,2
「よし,1
味しは,1
巻きこ,1
せるべ,1
んて言,1
のが祖,1
た。が,1
題が彼,1
いのア,1
し私は,3
" る姿",1
" 沈黙",1
く断固,1
、背の,1
てきま,12
二騎馬,1
んな言,2
し か,1
会った,1
イ 警,1
亡告知,1
がなか,1
」 し,1
を置い,3
ほどき,1
、コガ,1
載せて,1
むこう,3
人を温,1
目の ,1
照をな,1
通って,2
非常に,1
。彼を,1
見はじ,1
てこの,3
いうも,2
じゃ山,1
んな誘,1
す。 ,31
た部屋,2
からや,1
誰だ？,1
の作者,1
拷問部,1
。彼が,6
に行き,1
ん最後,1
ころ以,1
かく、,1
かも「,1
があり,7
ほめま,1
知った,2
" 帝国",1
恵みを,1
い う,1
告を、,1
の興味,3
みはそ,1
まどの,1
ランス,1
す。あ,3
着きを,2
きたと,1
一件が,1
みまし,4
、奥さ,2
し、母,1
い、き,1
になる,8
葉も失,1
大通 ,1
取っ組,1
にいっ,1
わせた,1
のは「,1
" 実際",1
ストラ,7
べきで,2
は、と,1
妙なイ,2
ドでで,1
手はな,1
と自分,1
たあた,1
を多少,1
とまご,1
" が打",1
士、お,1
探そう,2
領事館,1
家がよ,1
部に漏,1
人はい,2
ぞこう,1
人がそ,1
これな,1
を引き,1
、窓ぎ,1
が？」,1
も、他,1
してみ,1
て、わ,1
われる,1
私がフ,1
な宝物,1
" きま",2
見当も,1
までの,1
読み ,2
時、ウ,1
と分か,1
スは私,1
者には,2
を、そ,2
ただく,1
人が店,1
しばし,2
ひだの,1
疑うに,1
き当た,1
名前は,2
そのさ,1
すんと,1
官がい,1
アイス,1
。背の,1
く驚く,2
争うよ,1
は大ぜ,1
ピカデ,1
いただ,4
ンチッ,2
十分後,2
移動を,1
が彼が,1
も、私,1
り場で,1
けみた,1
るだけ,2
" の中",2
信して,1
の、し,1
ズ 第,1
十セン,2
…アイ,1
ーイ長,1
、文法,1
げにあ,1
まって,3
に」 ,1
をくだ,1
彼のお,1
匂う花,1
たい端,1
でウエ,1
ない年,1
まりし,1
ばをす,1
。と ,2
思い出,3
ろうこ,1
てい ,4
じてい,3
十八、,1
面白い,1
夕闇の,1
ちした,1
やいて,1
。忘れ,1
鉛筆を,1
ある店,1
。ロ ,1
せず立,1
りにも,4
性が声,1
海のむ,1
達にな,2
この時,1
は兄か,1
ちが殺,1
ら来た,2
、他人,1
の旅を,1
ゃるア,1
は 来,1
弟から,1
き回っ,1
うだ！,1
・ウエ,3
た言葉,1
ドイツ,2
かね」,4
た。日,1
真夜中,3
れいで,1
たは開,1
朝を熱,1
す ！,1
「あの,1
さえ、,1
時です,1
最初の,5
難なさ,1
たとた,1
君」と,2
、私か,1
けを見,1
た青年,1
致しま,1
" 市民",1
き、そ,2
ちらに,2
ためら,1
れは決,1
尉は手,1
気にし,1
明らか,1
はなれ,2
をもう,2
が一つ,1
スにい,1
、よろ,2
出てき,1
心に青,1
娘は、,1
度を取,1
。さら,2
想され,1
き出そ,1
人の若,2
振った,2
……こ,3
事を決,1
噛みつ,1
て来る,1
ださっ,2
な小 ,1
ュー ,1
しい兄,1
き、怒,1
中、 ,1
る、こ,1
" 一緒",1
らペテ,1
ースを,7
ってテ,1
飯を食,4
益のた,1
。 苦,1
……最,1
まま最,1
" 私は",10
ドラッ,1
はあま,1
音とと,1
いた紳,1
、夕食,2
を一杯,1
子で、,1
会議の,1
売り場,2
ンの中,1
" で私",1
ば大英,1
はにや,1
」 父,1
。 大,2
えたの,1
告、あ,1
ター ,1
をそら,1
、汗だ,1
。ウエ,3
どれも,1
意だと,1
が入っ,1
はどう,2
うのに,2
まれる,1
れば大,1
様子。,1
調で言,1
遠に棄,2
以上の,1
が含ま,1
た。そ,27
性だろ,1
せると,3
下の部,1
り 込,1
しそう,1
イド紙,1
をお好,1
この焼,1
彼はち,1
グラフ,1
う確信,1
" ウエ",6
こにな,1
一週間,2
く示す,1
ろぎも,1
膝が震,1
を食っ,1
から」,1
を 証,1
。机の,1
人の顔,1
けたが,1
ぶら散,1
と店が,1
の店先,1
的な模,1
たもん,1
を知っ,2
いする,3
考える,1
すか。,1
小径、,1
めて下,1
たへの,1
う。ご,1
理解す,1
は開き,1
" し私",1
人女性,1
に載っ,2
れが大,1
一本必,1
口をき,1
しせま,1
トはこ,2
て。『,1
上の部,2
な微 ,1
げで、,1
、闘争,1
うな王,1
い無感,1
さない,3
" のイ",1
もっけ,1
ニーへ,1
言い訳,1
まり ,1
悩ませ,2
局、 ,1
密な間,1
、お父,1
ると礼,1
えた男,1
の席 ,1
同国人,1
段で大,1
男との,1
初 の,1
掛けみ,1
と彼女,4
た。自,1
身支度,1
死者の,1
さっ ,2
初の手,1
を 書,1
付 け,1
を出す,1
る申し,1
うをの,1
品だ ,1
らロマ,1
のがこ,1
・メー,11
かそん,1
、花盛,1
好きの,1
は、た,2
すぐこ,1
を先に,1
家族に,1
方 を,1
います,18
のを ,1
トの注,1
ても信,1
たあの,2
" にそ",2
性をい,1
熱のせ,1
言葉を,2
ゴより,1
く早起,1
を書か,1
う様子,1
ら、今,1
陳列物,1
ゴを持,1
てを賭,1
これほ,1
チーの,5
母さん,1
切ない,1
し折っ,1
いどし,1
するに,2
騒 で,1
二騎兵,1
のささ,1
待をこ,1
るにあ,1
んの感,1
斎のバ,1
いでし,6
に出か,1
て、朝,1
の都会,1
な、持,1
え に,1
" いっ",1
人にな,1
ゆえに,1
… い,1
詰ま ,1
。テキ,1
うに」,1
も言う,1
アイの,1
っと落,1
て枕も,1
謝の言,1
夢を見,1
キシカ,1
しこの,2
男性に,1
かにあ,2
期待を,1
事にや,1
うもの,3
出 し,1
た二人,1
もなく,7
兵 隊,1
じ登っ,2
ン、ホ,1
てもよ,1
さにア,1
にも重,1
ドンは,3
のテー,1
が言い,2
ン 的,1
ゃ な,1
イター,4
なガブ,1
のだっ,4
りを送,2
" 「こ",1
の 高,1
、花咲,1
の方か,1
す か,1
うど下,1
は豊か,1
らせる,1
のこと,11
詰問し,1
" ホテ",1
" 馬鹿",1
そうし,2
と霊感,1
けよう,1
いで振,1
華奢な,1
希望は,1
。物騒,1
階段で,1
" を一",1
" たい",1
の連絡,1
治 家,1
るにふ,1
古アパ,1
初に私,1
ぷりと,1
こし品,1
の上か,2
友人が,1
君がそ,1
国フュ,1
店が一,1
て、隣,1
彫られ,1
トリー,1
。こう,1
ただち,1
回し者,1
者と決,1
て抱く,1
ら、ブ,1
るよう,13
暑かっ,1
こと…,1
直さな,1
がって,4
う一皿,1
レーが,1
塔ね。,1
ににん,1
を熱心,1
ひきと,1
の熱せ,1
行った,3
ればい,1
。むし,1
る時、,1
登った,1
もつま,1
そばを,3
話し合,1
まま取,1
" ぶつ",1
いはし,1
あたい,2
。もし,2
" 友達",1
た。第,1
問部屋,1
やほと,1
が彼の,2
隅に埃,1
を室内,1
きを ,1
トもの,1
たしは,3
トを選,1
ー ア,1
" るこ",1
前の喧,1
のだが,2
とな ,1
まで投,1
はペン,1
くじけ,1
げの至,1
はちょ,2
とは夢,2
の新聞,5
あれ、,2
にはデ,1
私。ア,1
はさみ,1
りはな,1
ラル・,1
章 次,1
タブロ,1
とロ ,1
ア ー,1
たの隣,1
の冷た,1
リカ人,7
、そん,1
て手渡,1
むかい,1
びくほ,1
り過ぎ,1
湖の間,1
静かで,1
かは申,1
な色を,1
ちばん,3
しきし,1
した表,1
ンライ,7
ルーム,1
つけて,3
さほど,1
た。先,1
者も、,1
帰った,1
てくだ,5
？ で,1
アにあ,1
家のウ,1
烈に残,1
だくユ,1
変なこ,1
ドに電,1
「分か,1
欄の上,2
を 見,1
を切っ,1
な可能,1
うに過,1
り、上,1
男は誰,1
がおあ,1
床につ,1
道の上,1
日はの,1
回申し,1
を調べ,1
うと思,2
いる自,1
ないじ,1
はグレ,1
は、通,1
奢な ,1
を載せ,1
ける習,1
だ。質,1
たずね,1
際、あ,1
にぎら,1
飲みな,1
ったか,5
るとこ,3
はたく,1
ますが,1
まえが,1
くだけ,1
づく大,1
大切な,1
リスに,3
んね、,1
」 二,1
限界を,1
もいま,1
知られ,1
れ、運,1
ない従,1
箱の横,1
いを求,1
の忘れ,1
もくれ,1
と思わ,3
お願い,1
チゴ狂,2
言一つ,1
トアの,1
と取り,1
辞典で,1
た。エ,1
てがは,1
本欄ま,1
馬鹿げ,1
まで夜,1
" 鍵を",1
横には,1
漢でし,1
ませ ,1
刊を二,1
ここカ,1
けられ,2
ぶ ざ,1
る夢を,1
で。 ,1
にっこ,1
きあげ,1
。彼の,4
ここに,5
" はい",1
考えて,2
誰も出,1
。 結,1
起きて,1
瞬間に,1
た住所,1
かな下,1
の土曜,1
いして,2
す」と,2
部屋 ,1
つ い,1
ニーに,1
の落ち,1
たはた,1
貧困と,1
て言っ,1
客がた,1
にて電,1
チック,2
" 題が",1
加えれ,1
" 後、",1
顔にい,1
" 隊ス",1
与える,1
" 議事",1
んどす,1
狭く、,1
れた。,3
灰色の,1
い、は,1
着きま,1
ンとい,1
する努,1
はきわ,1
に歩き,1
" 「カ",1
は、ぎ,1
リア連,1
車し、,1
には演,1
かなけ,2
斎にた,1
ュース,5
見る、,1
いその,1
同期で,1
うちに,2
ま、な,1
ムズ ,1
" おそ",1
いうわ,6
れませ,4
通も手,1
トはロ,1
。 巡,1
口をは,2
で彼と,1
一つう,1
…と彼,1
の選択,1
。アー,4
の日か,1
を捜し,1
剃りは,1
、こ ,2
び、す,1
よいイ,1
ぎりを,1
図って,1
なり厄,1
部。「,2
無視し,2
ルター,29
は鋼鉄,1
のニュ,2
妬する,1
私が不,1
能性が,1
す。そ,9
にちを,1
整えて,1
のほか,1
一遇の,1
いで放,1
わけが,2
うな色,1
ちを犯,1
は隅に,1
を買う,1
を投げ,1
" げら",1
" れ故",1
リカ合,1
つもな,4
来た二,1
な抑揚,1
話した,2
二つお,1
木の枝,1
" にっ",1
た時 ,1
な気持,2
リ カ,1
を極め,1
" 「あ",2
か、季,1
を乱さ,1
ストア,1
ごとデ,1
、はな,1
チーが,1
、半ペ,1
ちな愛,1
が歩く,1
の前に,3
いかと,2
トとは,1
えよう,1
その伝,1
" 利な",1
目に浮,1
の上を,1
な鐘の,1
取り ,1
紙をか,1
ィーブ,4
確信し,2
私 の,1
私が最,1
こに住,2
たに届,1
彼が横,1
結構」,1
もイギ,1
らの伝,1
ありが,3
のか？,1
。動き,1
劇が混,1
。 痛,1
わかり,2
て、政,1
大男は,1
" 一ト",1
階下の,1
開けよ,1
前に立,1
切られ,1
なると,3
かさと,1
傾け、,1
ソンズ,1
時間に,1
ど す,1
。「英,1
会を切,1
惧する,1
言 葉,1
洗練さ,1
きフレ,1
後、彼,1
ささや,6
人間で,1
をひき,1
ができ,1
て毒づ,1
に愚か,1
体から,1
も人の,1
待は裏,1
い！ ,1
して次,1
にし ,2
が来る,1
て逃げ,1
、証言,1
月、ロ,1
落胆し,1
時とい,1
しく処,1
ークの,1
に満ち,1
宝物を,1
の一つ,1
りを見,1
もう二,2
こ と,5
たいア,1
ーン・,1
るのじ,1
電車を,1
のせわ,1
笑うよ,1
" かっ",1
れを手,1
届いた,2
間前の,1
庭を…,2
がイ ,1
の 後,1
きだろ,1
の未来,1
じめま,6
見 せ,1
く、私,1
クな門,1
が見え,3
と面識,1
" 誘う",1
て行っ,2
に集中,1
ち 望,1
。すみ,1
ルを見,1
中庭の,1
るに足,1
毛ぎら,1
あの、,1
を上り,1
上に事,1
りて、,1
うに扱,1
の庭を,1
巨大な,1
打った,1
りてき,1
うと、,1
るホテ,1
マン」,1
準備さ,1
る。会,1
し合っ,1
は人間,1
闘争の,1
う。グ,1
のかわ,1
山登り,1
尉は答,1
はアメ,1
愛にま,1
期す ,1
ころよ,1
をとと,1
を歩い,2
差あり,1
的笑み,1
たか、,1
載る私,1
戦的な,1
解け ,1
いるか,1
クエア,1
ずねた,1
ってく,5
の中で,1
彼の友,2
なふう,1
んには,1
と一人,1
う思わ,1
ろへ訊,1
す。信,1
の人よ,2
はたち,1
数人の,1
かぎょ,1
るぜ」,1
調で答,1
" り返",1
をすぐ,1
れは ,1
力的な,2
大きら,2
おこう,1
間の奥,1
中にな,1
おずお,1
に整列,1
を上っ,1
色にか,1
を示し,3
ご想像,1
ネムシ,2
し く,2
く祖国,1
ん」 ,1
私のそ,1
」 こ,3
な く,2
からず,1
私には,1
をご覧,2
がアメ,1
らがか,1
るその,1
る。海,1
い様子,1
愛があ,1
トはア,1
だイチ,1
" ーア",1
。私の,6
こころ,1
さん。,1
誠実さ,1
に吹い,1
話そう,1
すが、,12
げを生,1
然死だ,1
やか ,1
なれた,1
はおび,1
がり、,1
" 三週",1
事にじ,1
" やく",1
並ぶ机,1
楽し ,1
とは非,1
。 ノ,1
お気に,2
にまで,1
騒音と,1
だ？」,1
国の人,2
ぐらし,1
見ても,2
でもな,7
" うう",1
いくつ,2
リーと,1
ょう！,1
、ステ,1
は鼻を,1
建前と,1
ち謎と,1
て、こ,1
だ。し,2
ジ五世,1
な人た,1
しれな,4
上の紙,1
使命を,1
とめた,1
こんな,10
学時代,1
世界大,1
つ手紙,1
。庭は,1
日の晩,1
喧騒と,1
いでい,1
くとデ,1
" いま",2
。楽し,1
にあた,3
ござい,2
、一 ,1
三章 ,1
は奥さ,1
で一緒,1
こちら,2
危険は,1
で売ら,1
は演目,1
すばら,2
名前に,1
ばかり,2
、まる,2
" をし",1
す。目,1
をいと,1
買える,1
" であ",1
無邪気,1
くもひ,1
いて朝,1
" さな",1
りない,1
さて、,1
ざやか,1
るだろ,5
曜日十,1
ず証言,1
て……,3
タイム,3
正面玄,1
国の利,1
警告が,1
学長任,1
を読み,2
なるべ,1
が浮か,3
とに耳,1
アは開,1
エアに,1
は、 ,3
を通っ,2
に私を,1
うであ,1
まで戻,1
のまま,2
に暗い,1
は午前,1
ら外を,1
アだと,1
き、保,1
族の中,1
" 光の",1
悟して,1
必要と,1
なって,10
え、私,1
は「い,1
、でき,2
部屋よ,1
、突 ,1
も重要,1
けっこ,1
の笑み,2
はある,2
欄には,1
すだけ,1
かし今,1
大都市,2
れ故郷,1
ージを,2
．Ａ．,1
草の上,1
いたわ,1
ら、そ,4
雪をい,1
は、昨,1
音 が,1
親しげ,1
誰かが,1
笑みを,4
。恋し,1
プル法,2
い視線,2
た男は,1
ージが,1
……僕,1
む か,1
内へ招,1
人を好,1
なげに,1
不吉な,1
ニュ ,1
動は軍,1
ドキシ,1
" 一九",1
ろうと,6
室の入,1
国人は,1
をひっ,1
男は暗,1
ぐウオ,1
の美 ,1
線をな,1
うまで,1
スに。,1
ではな,9
がさか,1
ははげ,1
い」な,1
い聞か,1
灯して,1
上品だ,1
わけ ,1
うと覚,1
" もう",1
夜も眠,1
論がつ,1
外を見,1
な死は,1
「苦悶,1
一口グ,1
径がは,1
火曜日,1
は申し,1
出会い,1
ズで、,1
ガネ ,1
現れた,1
ウロし,1
で大尉,1
の伊達,1
を手に,4
？ な,1
が階段,2
える。,1
ぶてし,1
対する,2
んそう,1
当たり,1
子を装,1
ースト,1
目で女,1
の玄関,3
最後で,1
？ イ,1
氏の紹,1
は今も,1
」とウ,4
だった,17
の新学,1
ミュー,1
こうの,3
べてい,1
も強烈,1
ース。,2
、あ ,1
すよ」,1
ず通り,1
、他の,1
な愛想,1
彼は死,1
チに座,1
ら軍靴,2
私は ,4
て行き,1
十分間,1
ちの足,1
ろに下,1
慢の限,1
うので,2
」と父,1
を立っ,1
ィ」で,1
は 部,1
第二の,1
なのか,1
クの染,1
トには,2
ち着い,2
のかね,2
ず一緒,1
々と移,1
とを見,1
目はす,1
るきれ,1
しをか,1
」 も,2
ねた。,1
の朝九,1
ヤ に,1
係した,1
な場面,1
闘争が,1
言い方,1
" がセ",1
合 図,1
発端か,1
な 証,1
ームに,1
彼はフ,1
取人の,1
に。そ,1
わしな,1
う。と,1
感を抱,1
をはさ,2
。私た,2
みと緊,1
、朝食,1
大切…,1
ん美し,1
けに ,1
" まし",3
ともご,1
ない時,1
は、初,1
もしロ,1
。なん,1
帰りま,1
が、玄,1
べた ,1
名で ,1
ツの女,2
見本な,1
で。す,1
と突然,1
テンプ,2
の侮 ,1
奥さん,4
が六時,1
こと ,1
たまあ,1
な顔に,1
詫びる,1
のを夢,1
すこと,1
ラスに,1
かい側,1
くな ,1
なさら,1
わせな,1
" 「ウ",2
、 と,2
紙とと,1
ししな,1
不在の,1
。 ち,1
" 「だ",1
" は柔",1
してな,1
だ。 ,3
前のあ,1
書 い,1
ンズで,1
、必ず,1
達」が,1
食堂か,1
めに思,1
は……,5
ヘイト,1
と、手,1
くのよ,1
くり旅,1
ダービ,1
座るに,1
うに、,4
投函し,1
ィ・へ,1
い出し,3
立てて,1
引取り,1
太のベ,1
事件の,1
らな。,1
て」 ,2
とを示,2
ざ笑い,1
や洗練,1
かりで,3
彼は大,4
てもお,1
くもっ,1
以外は,1
がそよ,1
ェステ,1
スミス,1
は、ひ,1
れても,1
ける夢,1
公安課,1
ルは休,1
愉快を,1
かわり,1
と大尉,3
々の笑,1
地獄の,1
これも,1
これが,1
ーツと,1
らと広,1
の間に,3
」 私,2
して…,2
関係の,1
いる管,1
イト氏,1
に早か,1
をか ,1
" ろし",1
ん」も,1
い推薦,1
の瞬間,2
らいす,1
" に来",1
男の影,1
レート,2
まわん,1
びとめ,1
私たち,6
うに横,1
は誰な,1
" きを",1
までも,1
期待で,1
が、こ,3
" な下",1
ちこち,1
して一,1
なドイ,1
「わた,2
るウエ,2
投稿欄,5
トに近,1
き」 ,1
いたず,1
くちに,1
く ら,1
しに立,1
」ウオ,1
い……,1
はしっ,1
アイデ,2
あり、,4
かした,1
金、な,1
が、十,1
、イギ,2
。三週,2
そ こ,2
ごいの,1
合って,1
に取り,4
。 馬,1
ちに、,2
と。ど,1
に届け,1
見えま,3
なに ,2
ね、と,1
場合、,1
思って,5
を一口,1
デアだ,1
ある人,2
けてみ,1
だ召使,1
の分で,1
。終局,1
緒に歩,1
、転貸,1
ず聞い,1
。お手,1
のごと,1
を開き,1
くさん,7
らかく,3
ら、 ,1
客らし,1
ょうか,4
次の瞬,2
望む、,1
時間を,1
ちひし,1
" 者、",1
私は知,1
る喧騒,1
ゃうわ,1
" かり",1
「あり,1
るくら,2
な下宿,1
た箱が,1
光客が,1
ろう、,1
、では,1
君、よ,1
もその,1
のすべ,1
滞在の,1
も少し,1
を押し,1
ッセー,5
、書斎,1
思いな,1
厳しく,1
つお ,1
ブルグ,3
。警部,2
け で,1
親をひ,1
花壇の,1
あ ま,1
ックを,2
憂鬱な,1
その時,1
日はな,1
、今、,1
けで、,2
の娘は,2
命がそ,1
とずれ,1
をあげ,5
椅子の,1
れる時,1
帯びた,1
英国フ,1
めとら,1
たたび,3
したか,2
度きり,1
くださ,10
もすて,1
人やイ,1
る人間,1
も、で,1
今まで,1
、灰色,1
リスは,1
このき,1
スを途,1
おずと,1
きつけ,2
屋まで,1
転がっ,1
わけ白,1
紙が受,1
はそん,1
先の回,1
が大男,1
彼は足,1
た女は,1
はカー,4
は例外,1
からつ,1
のかも,1
のお楽,1
い者は,1
を失っ,1
ジがい,1
た。関,1
に対し,2
ン塔ね,1
な都市,1
ひとつ,1
存在し,1
お持ち,1
られぬ,1
つかな,2
とって,8
なか ,1
うなも,1
回る音,1
那様」,3
で見た,1
探した,1
。私が,1
対して,2
染みと,1
」彼女,1
さっそ,1
のガス,1
うど ,1
ここは,1
を見、,1
" まえ",1
…しか,1
その頭,1
ランか,1
ましい,1
ニーで,1
それま,1
い と,1
朝食を,2
うつも,1
" まり",1
人は依,1
す。と,2
って！,1
私はち,1
かな」,1
のあい,8
をして,3
た。三,2
ん。 ,3
まじり,1
トラン,11
ちの中,1
をつづ,1
の提案,1
を食べ,7
乗 車,1
欄へ。,1
とばか,1
態度。,1
朝ご飯,1
ほどい,1
たちと,1
" がそ",1
驚き、,1
いので,10
ユ ン,1
すれ違,1
ンでも,1
リス風,1
ら血な,1
いいく,1
女が彼,1
屋 の,1
られた,3
される,3
のなら,1
" 悶の",1
ります,4
れまた,1
う こ,1
るぞ。,1
、そ ,2
が話し,1
な連中,2
の感じ,1
混雑す,1
に現れ,1
きかっ,1
私は中,1
ランへ,1
ろん、,1
" 昨日",1
くの父,1
" 親愛",2
万回申,1
五十三,1
室で夕,1
チゴは,1
紙もく,1
ご婦人,2
た表情,1
くショ,1
事情に,1
" 髪は",1
フルー,7
うな連,1
達の紹,1
い、い,1
を夢中,1
とは、,5
着いた,1
のユン,1
間のあ,2
" 「や",2
ドでの,1
をよじ,1
でも…,1
私を押,1
ーズ ,2
な金髪,1
めくの,1
の大時,1
すべて,4
外は、,1
て下を,1
デルフ,5
に レ,1
を這う,1
？ 僕,1
たこ ,1
ンデリ,1
した青,1
喜劇が,1
が訪れ,2
もあけ,1
二年間,1
私は午,1
来るま,1
までし,1
が段取,1
突然、,1
い」 ,3
がら彼,2
眠れま,1
が私に,1
物であ,1
説かれ,1
では ,1
口論が,1
。ここ,4
点はお,1
るよ」,1
事件が,2
婦人。,1
れはさ,1
てイギ,2
て朝ご,1
は じ,1
」と中,2
ために,3
と地下,2
るまい,1
の静か,1
よりグ,1
も希望,1
たしも,1
、路地,1
「とん,1
には灼,1
は彼を,2
覚悟し,1
尉はア,1
気の毒,3
めたの,3
の管理,1
も手紙,1
席に。,1
ル。九,1
持って,9
" 気を",1
取ろう,1
的メッ,1
残らず,1
ーがく,1
止まり,2
す。実,1
ていけ,1
ロ マ,1
週間く,1
部が私,1
悪い話,1
屋に戻,3
り、多,1
めし多,1
、その,12
の、文,1
ラウン,1
た。登,1
離れて,2
の欄へ,1
選んだ,1
ころで,2
と決め,1
" 取っ",1
教的な,1
すぐ部,1
、アデ,1
" 「残",1
いとし,3
…はお,1
足を踏,1
セシル,1
アには,1
って来,1
中です,1
喫茶店,1
るイチ,2
・セン,2
の中を,4
持ちか,1
向へ ,1
てくる,4
るの。,1
トを土,1
に残っ,1
ルに鞍,1
けるべ,1
あざ笑,2
がお付,1
一 通,1
ない、,4
お付き,2
ガブリ,1
りだ、,1
美しく,1
しむべ,1
みたい,3
" ッキ",1
の柔ら,1
、ゆっ,1
ゃない,5
で投稿,1
た後、,1
ど真夜,1
たのだ,11
出し、,3
」であ,1
だから,3
る厳し,1
が作ら,1
し込み,1
に彼は,1
大尉へ,2
まあな,1
合いを,2
、彫像,1
飲んで,1
ちんと,1
が横た,1
！」と,4
残して,1
つとい,1
涼を ,1
決めて,1
いう次,1
たき、,1
イ警部,3
" な支",1
ってる,2
を教え,2
こだっ,1
ばに ,1
をウロ,1
屋を見,1
ゃしゃ,1
れでお,1
電記事,1
の中に,6
訳あり,1
。実は,1
をわく,1
に駈け,1
望みな,1
日はい,1
的で堂,1
はウエ,1
らさら,1
ーも私,1
時を打,1
うわけ,6
く着る,1
男がど,1
女。「,1
さに嫉,1
イート,1
がしば,1
う名前,1
ートの,4
じめる,1
欄だけ,1
横 た,1
にたど,1
したね,1
た。い,2
、通り,2
通 り,2
。九日,1
の一件,2
受取人,1
かから,1
訪問し,1
「ご家,1
る。彼,3
。 彼,9
てきて,4
ー＝フ,11
んな様,1
逃げた,1
クォー,1
上をウ,1
あら、,1
さま自,1
は次の,4
な こ,1
のを待,1
的態度,1
装いな,1
人は次,1
付き合,4
感があ,1
ででき,1
込んで,1
には大,3
わした,1
う。そ,2
さんも,1
うを最,1
それを,10
のは彼,1
彼が ,1
がすご,1
さんが,1
考えが,1
トはと,1
。自分,1
すが」,1
。わく,1
立ち、,1
ご遺体,1
まして,2
苦しみ,1
てお気,1
がれ、,1
なによ,2
もっと,5
けが私,1
それじ,1
す。お,1
礼しま,1
屋のド,1
つまり,2
への思,1
けイギ,1
は言う,1
わけで,5
レグラ,1
ちまち,1
しまし,27
す。英,1
の声が,2
ベンチ,1
かるの,1
に た,1
の身支,1
るに違,1
賜暇帰,1
めまし,7
の高い,2
になに,1
かなか,3
目見当,1
不充分,1
かです,1
な仕事,1
なず ,1
だ。こ,1
" 「ふ",1
中に ,1
三日後,1
らはさ,1
むきま,2
年早い,1
す ね,1
尉。「,1
見た。,3
翌朝、,1
の妙ち,1
ものを,3
横柄に,1
賭して,1
から目,1
分のあ,1
！ 永,1
主を探,1
ぶん妻,1
たりの,1
" 望み",1
。とい,2
トより,1
で一気,1
う勧告,1
目に何,1
一つを,2
女の興,1
るパラ,1
の一連,1
ず、新,1
れだけ,1
「お気,1
カール,16
のにま,1
「私は,1
柄にか,1
盛んな,1
" 迎え",1
の王」,1
グ帽は,1
つめた,1
た気分,1
言い張,1
を ひ,1
イは気,1
レッテ,1
で、楽,1
い人物,2
の湖の,1
は大い,1
ド人の,1
ら真夜,1
はげし,1
、遠く,1
前日の,1
もイチ,1
放浪の,1
信しま,1
、機械,1
ントラ,2
といえ,1
のだな,1
暗いの,1
ではフ,1
しぶし,1
合の常,1
の人生,1
は彼か,1
学院を,1
て、奥,2
的な巨,1
の夜。,1
て個人,1
にを話,1
、七通,1
ンは墓,1
" の手",2
あいの,1
グレー,10
通りに,5
ょうど,3
ずれに,1
れを永,1
止まっ,1
この最,1
にはど,1
ら政治,1
写真の,1
尉の悲,1
ぬ求婚,1
、朝の,1
し埃っ,1
" けま",1
行きま,2
とにか,1
想笑い,1
いの言,1
りと覚,1
も好き,1
がひど,1
介状を,6
り合い,3
を奪わ,1
「わが,1
ある中,2
りじゃ,2
た お,1
食のと,1
、酒を,1
消えて,1
疑いも,1
顔に厳,1
が目に,2
たして,1
中を歩,2
にしな,1
は思っ,3
が地位,1
ゃもん,1
がかた,1
も「と,1
いにし,1
「英国,1
上にむ,1
背の高,2
管理人,2
先にス,1
耳を傾,1
陰気な,1
の冷や,1
りがた,3
はテー,1
まりの,1
" 年に",1
出て、,2
明かり,1
古いシ,1
広間に,1
言われ,2
が し,1
王ジョ,1
、彼 ,1
ね」私,1
ロウロ,1
その日,6
要では,2
で口を,1
を 強,1
い。む,1
長の娘,1
言うと,2
ルな消,1
" とに",2
、お風,1
もと変,1
女の美,1
って階,1
のもの,5
っ て,5
分の一,1
ースが,8
しい中,1
ロイド,1
送って,1
いアー,1
置いた,1
ンのざ,1
せ、部,1
がつづ,1
く、人,1
きだっ,1
くれる,6
" ドか",1
が、望,1
" 歩く",1
うろう,1
のろの,1
すよ、,2
関の電,1
も訪れ,1
恋敵に,1
めるこ,1
ート・,2
ないで,6
を聞き,2
、きり,1
あのカ,1
ると困,1
の毒で,2
や、や,1
まつわ,1
段から,2
っとあ,4
た。さ,2
うわよ,1
心した,1
の問 ,1
上の階,2
食った,1
な。と,1
ス ト,1
も彼に,1
彼はす,2
私は驚,1
はそう,1
この手,3
の幸せ,1
しも返,1
出した,2
う！ ,2
ス人ら,2
年間の,1
、丸木,1
現場を,1
品のあ,1
噂をば,1
街の熱,1
をみつ,2
の木の,2
父親を,1
を… ,1
つろい,1
変です,1
じの、,1
！」女,1
へ。お,1
中だろ,1
な恐ろ,1
の答は,1
誠実な,1
興味を,5
慣がな,1
謎をほ,1
へし折,1
あるイ,1
れ、手,1
る 花,1
" ませ",2
定的に,1
ろんで,1
ー・メ,11
" のガ",1
また賢,1
・へイ,1
わけイ,1
ですよ,5
は暗闇,1
下の男,1
用事の,1
ブン・,2
一件に,1
いう冷,1
も有益,1
動くの,1
れたか,2
「ニュ,1
しまう,3
うど大,1
とき役,1
の机の,2
い兄弟,1
せ ま,1
" うに",2
。お返,2
たお嬢,1
大きか,1
見るよ,1
ゴをも,1
とき帽,1
にむか,5
、子馬,1
。三階,1
男 第,2
。手に,1
はとて,2
た静か,1
スに来,1
。鰐が,1
、感心,1
ル・デ,1
ストよ,1
る日を,1
者の住,1
めの身,1
" 致し",1
ひろげ,1
地から,1
は 幸,1
ぴかぴ,1
" 的な",1
にあ ,1
。次の,2
常とし,1
。とこ,2
る事件,1
に……,1
私がい,2
う彼は,1
ろに理,1
聞き耳,1
つがそ,1
。茶色,1
を捨て,1
事を済,1
と、倹,1
子はい,1
いって,2
まるで,2
私はそ,2
ぐるき,1
たと言,1
リス紳,1
けを愛,1
通牒を,1
す る,1
を許し,1
。エン,1
は一 ,1
足で降,1
、 そ,1
弟、英,1
企んで,2
とデー,2
りを決,1
しした,1
遅くに,1
。「大,1
" す。",2
でちょ,1
見たの,1
もこれ,3
呼んで,1
るさ、,1
" に出",1
のアパ,4
" た。",8
ツをく,1
よわせ,1
テルの,17
観光客,1
、あそ,1
女学生,1
" たが",1
大戦と,1
まで。,1
と女性,1
" 「最",1
刈りこ,1
いでの,1
金はた,1
こちに,1
る。見,1
状に手,1
かわい,2
紙を取,1
を過ぎ,1
のに。,1
？」と,2
せず、,2
取りか,2
たと知,1
に鞍が,1
。 青,1
く音を,1
り旅を,1
から ,3
の エ,1
でも見,1
" 言っ",1
いる女,1
れ る,1
と広間,1
、ウオ,3
今、夜,1
する機,1
が大人,1
連れを,1
といて,1
のだ。,7
のおと,1
俗に「,1
せん。,13
。賢い,1
伊達男,1
日をは,1
いる姿,1
い。切,1
せんが,3
毒づく,1
ゆれる,1
は謎を,2
" を可",1
国を早,1
買った,1
を振っ,2
ので ,1
ちは友,1
部屋と,1
……え,1
にアー,1
ース！,1
度と聞,1
を。そ,1
" 優し",1
時計が,1
ぞき見,1
々でし,1
！ 大,1
論がか,1
は謎と,1
よ！」,1
しんと,1
投げて,1
い音が,1
イツ的,1
人は眠,1
ボンを,1
こ ち,1
使いの,1
お近づ,1
きがあ,1
の中、,1
" の同",1
ろう！,1
かって,7
げてい,1
女と父,1
無理や,2
人的な,1
感情な,1
らぬ道,1
たでし,2
れを聞,1
わらか,1
もに私,1
を切に,1
近づい,1
一通ず,1
を装い,1
スに滞,1
いなあ,1
は頼む,1
は、以,1
風とな,1
って…,1
ールを,4
が、夕,1
習慣が,1
の娘に,1
。第二,1
戻り、,1
に通 ,1
手のも,1
したわ,1
ます。,26
に座り,1
軍人ら,1
ら！ ,1
な人間,2
のか。,4
覚えて,4
も、ほ,1
くだら,1
つこう,1
、急い,1
うかと,2
ゃなか,1
の抑揚,1
たった,2
にかか,1
。海の,1
、 私,4
店の店,1
。たぶ,1
しつけ,1
また ,1
の喫茶,1
が垣間,1
目表。,1
気前が,1
忙を極,1
れるた,1
がアデ,2
経験に,1
誰を見,1
すがに,1
" レス",1
教えて,2
んでそ,1
がにぎ,1
あるに,1
うに ,1
は巻き,1
の限界,1
ル、セ,1
さんの,4
ぬ、親,1
悲劇が,1
あの朝,1
い張っ,1
不愉快,1
一つ一,2
欄も彼,1
を口を,1
家は笑,1
しただ,2
て最後,1
彼がそ,1
が彫ら,1
" しま",1
" カー",2
は座っ,1
すぐむ,1
ど連日,1
を考え,2
いで私,1
垣とお,1
ツタの,2
つくぞ,1
性がカ,1
ズ は,1
た紳士,3
に青春,1
ち、共,1
外とし,1
私は話,1
に離れ,1
れるの,2
ぐろう,1
、 男,1
ディ・,2
キがま,1
じろぎ,1
」 ブ,2
う。あ,1
朝カー,1
、廊下,1
馬鹿に,1
いて待,1
で放浪,1
び、店,1
ぎり差,1
当時の,1
国で売,1
豊かな,2
約束を,1
は上か,1
が通り,1
デーリ,11
れらの,2
けをし,1
あるも,1
十日の,1
選 ん,1
なしで,1
風がロ,1
、泡が,1
え、路,1
帰りじ,1
それか,4
を途中,1
みはじ,3
を見な,1
もらえ,1
幾人も,1
可され,1
見ると,3
るや、,2
に会わ,1
と喧騒,1
やく勇,1
ろはイ,1
詰めこ,1
手に入,1
ぶやき,1
と、華,1
ややぶ,1
もかか,3
は言わ,3
ちと懇,1
は家具,1
とまた,1
た」と,2
す……,2
の言 ,1
文で一,1
食べま,1
づくの,1
でしば,1
伝いは,1
" 「お",5
レディ,1
で、二,1
今度は,1
" すこ",1
がら追,1
私に手,1
るアメ,1
してい,26
、 「,2
する、,1
声が聞,3
とめて,2
に理解,1
まさに,1
「やあ,2
静まり,1
ーア中,1
で、今,1
ょっと,7
げ、抗,1
件なの,1
りむい,1
彼が大,1
欄 ア,1
先はカ,1
" ．ま",1
ぐ部屋,1
そして,23
こで ,1
、彼の,4
くのを,2
に注意,1
ことが,14
テッキ,3
十年早,1
。 昨,1
髪の返,1
不安な,1
くのが,2
であり,2
んなも,7
一杯や,1
ま る,1
しいア,1
の目に,3
えた…,1
騷動も,1
、話の,1
んと ,1
実なイ,2
そ の,3
きした,1
" なさ",1
主義と,1
着く頃,1
身を乗,1
。どん,2
に、彫,1
きの私,1
ラル。,1
すみれ,3
の顔色,1
はほと,3
もんを,1
に、転,1
うツタ,1
吉な使,1
ださら,1
人間は,1
とが好,1
な要因,1
に必要,1
カ人女,1
れの行,1
めてあ,1
た。男,1
地に消,1
くない,2
と確信,1
のコー,1
から賜,1
ていら,1
だささ,1
しくだ,1
答えた,4
を受け,6
とも彼,1
二皿食,1
を振り,4
よそ者,1
言うよ,1
で言っ,1
題にし,1
頭を悩,1
く、奇,1
がら政,1
" グレ",1
私の部,2
ドの巨,1
はスコ,1
たこと,15
ろ な,1
の記事,3
ぎるウ,1
" てき",1
まち謎,1
、雪を,1
うか？,1
に関係,1
駈け抜,1
いとこ,1
ご紹介,1
の千載,1
取らな,1
する私,1
私の気,2
とある,1
な植民,1
決めこ,1
ースの,2
ゆっく,3
ス 的,1
ラウに,1
っと毅,1
、旦那,4
っ走り,1
用に一,1
ちはな,1
た！」,1
、私が,5
しい経,1
、興味,1
。頭の,1
ご家族,1
体もお,1
ュにて,1
景の一,1
ど魅力,1
な遅く,1
階の血,1
の大尉,1
あざや,1
スが中,1
を返す,1
あ っ,2
だ、も,1
気がし,1
ンを出,1
やりの,1
のきわ,1
暇休暇,1
私は落,2
ドで歯,1
十一時,1
、持っ,1
ん、一,1
帰 国,1
者は毛,1
に机に,1
、お気,2
はなか,3
" 来な",1
んな連,1
だと思,5
た。次,2
ゆすり,1
。「し,2
男の誠,1
い。こ,2
んが」,1
紙が待,1
コノコ,1
苦 悶,1
ーで買,1
" 男は",1
胸を決,1
況でも,1
ぎもせ,1
が待っ,1
をかい,1
てうま,1
いアメ,1
ン ク,1
みです,1
お父さ,3
彼の目,1
りに出,1
「喜ん,1
、今は,1
所に監,1
ら心を,1
くれず,1
たから,3
の中は,1
しい人,7
。『最,1
延期す,1
力ある,1
習慣の,1
まり世,1
開放的,2
、被告,1
気晴 ,1
き匂う,1
トにつ,1
ジェフ,4
載一遇,1
ち着き,2
こえた,1
なイン,2
合い ,1
慣のよ,1
たのか,7
アメ ,1
階にあ,1
それ故,1
は？ ,3
は 我,1
の朝カ,1
こに書,1
う老人,1
老人が,1
を説明,1
中に床,1
と品定,1
は一階,2
章 テ,1
そらで,1
ふたは,1
" ーヨ",1
二十分,2
間はそ,1
えっと,1
宜を図,1
からよ,1
故郷の,1
「 い,1
" はな",1
、もう,3
ひかれ,1
はおか,1
で時間,1
…私は,1
かげで,1
た人だ,1
を見せ,3
瞬間、,1
を離れ,2
親が言,1
者、タ,1
鋭 利,1
斎に、,1
にまた,1
が残し,1
です」,6
的な双,1
に身を,1
ばらく,2
にいた,4
、とて,4
り父親,1
が非常,1
してる,2
帰国中,1
う、ほ,1
楽だ。,2
玄関か,1
目が彼,1
あげな,1
しく言,1
い夢で,1
を妨害,1
を忘れ,1
べて一,1
" 外側",1
庭と大,1
ぷりあ,1
介な面,1
パラド,1
。イギ,2
に強い,1
から顔,1
" いて",2
堂々た,1
心を奪,1
ちは会,1
「入れ,1
愛のテ,1
う。豊,1
バーナ,1
が彼を,3
を選 ,1
う。一,1
？」 ,5
、君」,1
分に ,1
、まん,1
事を、,1
紙の登,1
、手入,1
。でも,3
伸ばし,1
かを企,1
侵入者,1
上を ,1
ろにそ,1
ありで,1
遊園地,1
もない,10
屋より,1
場合は,1
輝く二,1
ん。あ,1
ときが,1
イフを,1
" 「白",1
門のと,1
にはロ,1
をま ,1
ちらを,1
。ダリ,1
に刈り,1
" くな",1
い審査,1
火が弱,1
注意だ,1
ていう,1
" ら…",1
が若 ,1
誘いこ,1
日は日,1
ょうね,1
的な死,1
。タイ,1
心臓の,1
ショー,1
、彼が,3
結局、,2
馬の背,1
こみま,2
頃、ジ,1
は要注,1
ことの,3
彼は手,1
走りし,1
んなの,1
ィート,1
千載一,1
受け取,2
食事に,1
な事情,1
らに離,1
望 ん,1
が、感,1
ーズを,1
イが当,1
ほかの,1
して三,1
いを告,1
しい手,1
き を,1
も す,1
を小径,1
に住む,1
した声,1
エスト,27
まうで,1
さやき,1
察が来,1
げられ,1
運命が,2
カ合衆,1
にして,8
いだ…,1
の心配,1
らわし,1
なとこ,1
上にあ,1
待ち ,1
彼をや,1
にはペ,1
" 知っ",1
ちらで,1
の家庭,1
ち去る,1
は準備,1
どでは,1
めた。,4
がグレ,1
侮 蔑,1
声を ,1
違いま,1
の行き,1
ら四分,1
人が話,1
移って,1
な警察,1
た声が,1
アの隙,1
くはな,1
募らせ,1
う、 ,1
い。あ,1
き、二,1
、口ひ,1
つは？,1
吹いて,2
男の声,1
との間,1
、季節,1
。さす,1
視線を,3
" とは",2
失って,3
妙な文,1
入者は,1
兄から,1
、アメ,3
、よそ,1
えらい,1
つけに,1
て」と,1
い経験,2
車。タ,1
すり、,1
を理解,2
はあな,5
と、す,1
をかさ,1
、私の,4
説明し,1
、今ま,1
たく信,1
きめか,1
ない？,1
りぎわ,1
惑する,1
べてが,1
な 陳,1
るテー,1
イトは,4
手紙と,1
けるた,1
あろう,1
り口に,1
の常と,1
ので、,6
るかぎ,1
男があ,1
起こっ,1
" べら",1
ます」,3
思わず,1
美しさ,1
手紙を,15
は秘密,1
したあ,2
前でず,1
今も強,1
ら五フ,1
をすべ,1
た。ど,2
は報わ,1
汗だく,1
彼はそ,3
てある,1
すぐウ,1
秘密に,1
・シュ,1
いニュ,1
は死者,1
ぶ席を,1
るなよ,1
し て,1
のセイ,1
く大尉,1
えば、,2
朝、ウ,1
う。ウ,1
ら散歩,1
尉の部,4
ほどの,1
当てが,1
望んだ,1
席を立,1
ツ タ,1
で、デ,1
まで私,1
ち、ポ,1
、父親,1
れが間,1
ープフ,8
、一人,1
あるま,1
状は机,1
えった,1
て立っ,1
次の水,1
。宛先,1
っこう,1
" また",1
私は下,1
ルフィ,5
る。賢,1
かと感,1
サスに,2
怒り、,1
い っ,1
百科辞,1
う言う,1
を 知,1
す。で,2
での習,1
に世界,1
のよ ,1
なんて,4
学生の,1
ポケッ,1
" えは",1
かるべ,1
た。一,2
ちっと,1
イが聞,1
上 げ,1
か な,2
の部屋,16
す輝き,1
ン滞在,1
には休,1
た。今,1
尉を訪,1
メージ,1
頃には,1
けはじ,1
部はす,1
す ば,1
ルです,1
" 「と",1
人がま,1
春は一,1
姿勢で,1
人 の,2
もに横,1
り返る,1
えこみ,1
ものか,1
" りの",1
広告を,1
血の塔,1
そうと,5
「すみ,1
ものデ,1
出たか,1
彼の人,1
入りま,1
するで,2
私を無,1
他の方,1
欄って,1
れず、,1
別に困,1
……付,1
き、社,1
び出し,1
色は、,1
に噛み,1
として,10
で 知,1
約束す,1
への手,1
が大好,2
かくし,1
事にう,1
り、し,1
ぱいで,1
を探っ,1
れてい,17
活躍し,1
ずっと,4
永遠に,5
の背景,1
立った,3
済ませ,1
私はす,1
んくら,1
。 バ,1
一階下,1
い、こ,1
" 「初",1
ニヤニ,1
ービー,1
的なと,1
" を二",1
れにも,1
なよ」,1
ろに立,1
。し ,1
合は現,1
ぐむか,1
とその,2
ラーケ,5
を住ま,1
こした,1
彼を説,1
家の娘,1
人の男,2
を追い,1
だ。ス,1
で、汗,1
妙ちき,1
けた女,1
人はヒ,1
た。彼,28
士から,1
まいだ,1
」と言,4
イト気,1
び、騒,1
、混雑,1
かけた,3
うの植,1
ほど議,1
が受取,1
紙を持,1
ンブル,3
！ 今,1
あの庭,1
い、頭,1
気な ,1
んたら,1
うな植,1
段取り,1
…どこ,1
の意味,2
… …,1
音がし,1
取りく,1
の顔が,2
三週間,4
かえ、,1
が、か,1
" くも",1
げた。,3
くもい,1
彼が歩,1
なたへ,4
がたず,1
ーがグ,1
よく迎,1
すずし,1
だ焼け,1
ら聞こ,1
とのあ,1
の、ち,1
ときの,2
界をこ,1
に言 ,1
、イヤ,1
は手紙,3
で、存,1
我慢の,1
がやく,2
胸をと,1
てもロ,1
尉はそ,1
、母国,1
がやわ,1
ほんと,1
保守主,1
青春は,1
ぶつと,1
きにな,2
私の上,1
切った,1
雅な態,1
" んで",1
土台か,1
早起 ,1
える厳,1
して大,1
のせい,2
" とを",2
フィ・,5
部屋を,6
めて個,1
次のよ,1
地位の,1
いう約,1
困るこ,1
、二階,1
監禁だ,1
" 正面",1
切だと,1
ら 今,1
？ こ,1
、階段,1
場 と,1
ぜいの,2
け次の,1
彼は頼,1
たとき,14
だけれ,1
さ、と,1
揺るが,1
とに気,2
二十七,1
れとと,1
しかっ,1
けるの,1
カ人は,1
た対照,1
ないが,1
拗に口,1
はりい,1
れは秘,1
日、こ,1
" 以外",1
は灼熱,1
をあお,1
無事お,1
度でも,1
なのだ,1
ら、遠,1
突き止,1
屋から,3
どロマ,1
中庭に,1
うのが,2
と笑っ,1
したこ,3
けです,1
金を投,1
にをも,1
" しか",5
ジェン,1
とがあ,3
た。ま,3
らしく,1
はイギ,2
あっ ,1
はそこ,2
ルだな,1
！ そ,3
こそは,1
上のほ,1
の影 ,1
十九、,1
のかい,1
混在し,1
にかわ,1
とが ,2
しのけ,1
ールが,1
存知な,1
にかく,1
はお喋,1
かと、,1
こりと,1
吟味し,1
私は言,1
でそん,1
ぬ傾向,1
もおな,1
みちび,1
くて、,1
でいろ,1
うも突,1
報われ,1
三人の,1
れるこ,4
には謎,1
はだロ,1
彼はも,1
・カレ,1
ても君,1
と思っ,5
、手紙,2
んです,4
かな個,1
旧知の,1
らい転,1
からオ,1
ムがあ,1
持ち ,1
て お,1
からレ,1
に行っ,4
こで時,1
ここで,3
じけて,1
たに違,2
たかい,1
ぐ直さ,1
ねばな,1
ベラー,1
に、ふ,1
" ムシ",1
初、大,1
このア,3
ったと,10
者のよ,1
かぎり,3
" 失敗",1
れ出す,1
…二人,1
を飲ん,1
合衆国,1
らしま,1
気なこ,1
ほど ,1
" じめ",1
も苦悶,1
し私の,1
屑箱に,1
このつ,1
情が浮,1
陸軍第,2
屋の中,6
きが緑,1
二の手,1
しか ,1
間見ら,1
時 が,1
刃は鋼,1
び足で,1
ても驚,1
からた,1
事広告,2
、す ,1
いのは,1
て、床,1
に執拗,1
れた悲,1
いか」,1
わしい,2
。が、,2
遠に消,1
ついで,1
か。こ,1
れまし,13
ような,17
探して,2
トは白,1
彼ら ,1
" アー",3
きわめ,2
らなけ,2
ろんそ,2
トソン,1
がある,5
切な仕,1
ある。,12
られる,3
いしゅ,1
された,7
指紋が,2
目にし,1
が」 ,2
り、う,1
。一日,1
影 が,1
抱くに,1
れてし,1
るべき,4
もうす,2
いっぱ,3
の 欄,1
" ンド",2
配に対,1
私はお,1
を浮か,7
みれ色,3
私が何,1
魚」 ,1
になり,3
はいつ,4
女の目,1
いえた,1
地かは,1
、 あ,3
話しか,3
" と言",1
は、ど,1
で朝食,1
状にし,1
情もあ,1
" には",1
箱が置,1
の気持,1
きの転,1
を呑ん,1
" の紙",1
、玄関,1
もの…,1
の物腰,1
まさし,1
的な人,2
エル・,1
一つ残,1
しむ音,1
ん、私,1
まい」,1
友人に,2
り厄介,1
ゴの皿,1
。ツタ,1
士も視,1
定を話,1
……二,1
よう ,1
相手は,1
どうで,1
むよう,2
と会う,1
断する,1
のお喋,1
這うレ,1
は友達,1
らその,1
取りま,1
ドのナ,2
に対 ,2
へ優し,2
の 席,1
を最後,2
しい方,1
すんど,1
ら。宛,1
た だ,2
」女性,1
んな ,1
の這う,1
なたか,1
しでも,1
ならウ,1
セージ,5
。お尋,1
の目で,2
かしウ,2
日か、,1
そ者は,1
をほし,1
と紙が,1
どきち,1
めて毒,1
私を訪,1
屋の外,1
思った,6
れしそ,1
て彼女,2
嫉妬す,1
りはし,1
対面し,1
い話で,1
時折、,1
隙間か,1
そばに,2
せんで,10
なく重,1
は会っ,1
る新聞,1
ルを急,1
彼の興,1
ょうだ,1
を打ち,1
お好み,1
おまけ,1
。気持,1
上に出,1
へ招き,1
の 光,1
" った",6
失敗と,1
が親密,1
い。つ,1
を用意,1
必要で,1
んはじ,1
おもし,1
の欄だ,1
鐘の音,1
となっ,3
。「イ,1
み 取,1
のイギ,6
、壁を,1
昨日の,1
紹介を,1
とを打,1
いなん,2
トは勇,1
決めた,1
命を帯,1
るのが,2
んな場,3
な書斎,1
警部が,2
曜日朝,1
ばを通,2
国の見,1
こうも,1
い従兄,1
気分を,1
廊まで,1
スはま,1
入 り,1
したボ,1
アンソ,2
らさま,1
こうい,1
十分に,1
変るこ,1
察官で,1
をたた,1
が当事,1
つにも,1
た デ,1
とを書,1
中尉は,1
、うわ,1
その点,1
張感が,1
人など,1
おも部,1
ルを開,1
得る機,1
然、私,1
を通し,1
" 金髪",1
うれし,1
動もお,1
はなく,2
」 男,1
快な可,1
金の工,1
とアパ,1
" て不",1
さしせ,1
だ様子,1
。「こ,1
の心 ,1
る管理,1
。 死,1
わくし,2
不平の,1
族 が,1
い。し,1
人のメ,1
いんで,2
に来る,2
が、私,5
は私で,1
が、突,1
注意を,1
れ、変,1
てその,1
品で私,1
んそん,1
ワトソ,1
ルにつ,1
記事を,1
ってデ,1
思いも,1
につこ,1
に横柄,1
安課の,1
に、灰,1
がくじ,1
官でも,1
出すだ,1
れた魔,1
い心の,1
んの奇,1
ちを見,1
えてく,4
後、一,1
" べて",1
か話し,1
いらし,2
彼は仕,1
手紙で,2
い朝、,1
わの机,1
を聞い,3
のドア,4
ないの,10
した」,2
や、か,1
ンドン,18
残され,1
ーが住,1
入れの,1
" この",5
牒を送,1
ますま,2
この謎,1
たたき,1
も、そ,1
新聞か,1
露され,1
さと鳴,1
、通路,1
のボー,1
てあな,1
私が字,1
みんな,1
季節は,1
そそる,1
が地に,1
うは残,1
は見え,1
禁です,1
り掛か,1
マジェ,1
た。ピ,1
" があ",3
外の暗,1
私のド,1
そん ,1
出るほ,1
をすり,1
。彼も,1
ち主だ,1
束をし,1
めて上,1
う。さ,1
にふさ,3
をまと,2
状を私,1
うなず,1
う。ロ,2
は部屋,2
つかも,1
傲慢な,1
いう地,1
る。終,1
女は人,1
的に ,1
から刺,1
としい,2
" その",5
でおし,1
博物館,1
それだ,1
許しま,1
いうと,2
自然死,1
気とな,1
を見た,6
しはさ,1
な場所,1
いに刈,1
。 グ,1
た山師,1
もうと,1
ゃり出,1
敗して,1
じなが,1
てお話,1
私の知,1
です、,2
ち寄っ,1
な顔の,1
メール,11
腰だっ,1
。サッ,1
る！ ,1
話の ,1
もとを,1
に し,2
は娯楽,1
ンクの,1
がはじ,1
ややか,2
望まれ,1
になっ,12
嬢さん,4
" 大尉",3
事お帰,1
の夕ご,1
はでき,2
。 ま,1
の。そ,1
線を送,1
" すて",1
上げ、,2
しては,2
チーは,3
にある,4
機を生,1
すると,10
所付き,1
んをつ,1
は立っ,1
の個人,1
対照を,1
会のど,1
、次の,1
に載る,1
え な,1
が「入,1
んとす,1
う音が,1
に閉ざ,1
らいで,1
、また,1
の言葉,3
ジプト,2
かえっ,1
「七月,1
はり彼,1
で私は,1
うで彼,1
また手,1
んなそ,1
の階か,1
やくな,1
転貸用,2
、テキ,1
いだを,1
て、静,1
ん。彼,2
な笑み,1
特電記,1
はもう,2
スの伊,1
衆紙の,1
たの名,3
も な,1
み ん,1
。もち,2
、涙が,1
求めて,1
ドンの,4
行き、,1
わん」,1
い争っ,1
聞え、,1
一ほど,1
連絡す,1
稿欄を,3
にささ,1
とお風,1
線は忘,1
おかな,1
、魔法,1
ず立っ,1
これか,2
てずに,1
の間の,1
警告。,1
テルで,1
" 粛な",1
いやり,1
ルから,2
答は落,1
入して,1
。イチ,2
まで」,1
尉がイ,1
スは青,1
け私の,1
紳士を,1
に静ま,1
も持っ,1
し 正,1
今、私,4
きとか,1
の会話,1
度は上,1
ェント,1
でのぞ,1
推薦状,1
取りを,1
をいく,1
「みっ,2
ばん美,1
白髪ま,1
た。警,1
って読,1
も そ,1
がたく,2
の知人,1
問の後,1
後に、,2
はしま,1
デア・,1
いつづ,1
紫色の,1
っと話,1
水売り,1
い。 ,4
三時に,1
見せろ,1
聞こえ,14
に頭に,1
いに必,1
ない謎,1
っと奨,1
を図っ,1
て来た,1
巡査が,1
き、強,1
いで封,1
かがや,2
れが今,1
ぎられ,1
がら考,2
件が起,2
戦とい,1
にはあ,2
えるも,1
の政治,2
楽しく,1
ある幸,1
奮した,1
コニー,3
彼は言,4
訪れま,1
けっぴ,1
だな、,1
な」と,1
る大尉,1
アデル,5
会を与,1
" 誰を",1
" 今も",1
をかけ,1
みと化,1
より面,1
ちょっ,4
最後に,3
た、ホ,1
ェパー,1
一皿く,1
きです,2
呑んだ,1
とちょ,1
いると,10
近づき,1
は仕事,2
で、静,1
心をそ,1
ってな,2
彼は座,1
漆黒の,2
はにぶ,1
女はい,1
この落,1
だ、ず,1
屋へつ,1
読みか,1
ーへ飛,1
めな ,1
る。今,1
がした,1
。 今,2
語十セ,2
でずう,1
ムにほ,1
ったお,1
ンとイ,1
お引取,1
みを浮,4
ら 帰,1
日、ジ,1
の後の,1
を言う,1
死体か,1
上って,1
れる。,2
一目散,1
した三,1
訪問の,1
死の前,1
服をま,1
をつく,1
カ産で,1
てが詰,1
、賜 ,1
時 の,1
グイと,1
語りか,2
もくろ,1
の男が,1
庭は ,1
喜び、,2
をへし,1
物腰だ,1
いの」,1
トに降,1
政治家,4
いう音,2
う。つ,1
もまし,1
後に一,1
るあな,1
けらか,1
てなに,1
ようご,1
。彼は,19
な」 ,3
ろと ,1
イは新,1
さんで,1
な恵み,1
らにい,1
つ見て,1
か。当,1
" 「結",1
さま。,2
り、ア,1
ですぞ,1
する？,1
のぞこ,1
ンのド,1
気な書,1
さん入,1
九、 ,1
月曜日,2
住んで,1
硬いど,1
昼にな,1
どさっ,1
ルは娯,1
いった,3
に開け,1
ンにま,1
私はつ,1
でやる,1
った中,1
と苦悶,1
かな態,2
の場合,1
き、私,5
来た人,2
この巨,1
のはど,2
かなげ,1
、自分,1
主は、,1
" テキ",3
浮かぶ,2
だろ ,1
して感,1
こしな,1
しして,1
ルでそ,1
た早起,1
言葉も,1
許可さ,1
やきに,1
ヘむか,1
人、ご,1
市にい,1
ダリッ,1
紙も ,1
あるこ,5
れて ,1
の同国,1
。そう,1
親が席,1
ようで,3
探しに,1
しウオ,1
は行っ,1
らない,11
私は座,1
もしれ,4
サスを,2
ごして,1
いう意,1
つうな,1
く彼女,1
なにを,6
は書斎,1
な模様,1
たが、,14
アー ,1
て探そ,1
いい手,1
ろしく,1
人の変,1
。態度,1
の重要,1
年の七,1
知人と,1
しき人,1
スが言,2
きなあ,2
去る時,1
喧嘩や,1
「めん,1
日のあ,1
運なホ,1
やめた,1
っぴき,1
か け,1
死だと,1
ろはタ,1
っぴろ,1
みつめ,2
は、ま,1
い金 ,1
すぐひ,1
は軍人,1
は、拷,1
がそう,2
う、そ,1
が転が,1
。やは,1
を取り,5
するよ,2
の持ち,3
て下さ,1
役割 ,1
だ。…,1
するテ,1
のナイ,2
" 「デ",2
ル・レ,1
してき,2
望をす,1
に会い,2
の点は,1
然、上,1
勇気の,1
、中に,1
フ リ,1
くらい,8
やっと,1
お楽し,1
年紳士,1
たりを,1
" い。",2
紳士か,1
たび新,1
る物音,1
行きで,1
に手紙,1
埃がた,2
「大き,1
てね。,1
わ。 ,1
" 国の",1
しょっ,1
よじ登,3
" 最初",1
と変わ,1
きな声,1
をくれ,1
らのち,1
ドンを,1
女のほ,2
し 私,1
質実な,2
降りた,1
。……,2
かしこ,4
ージは,2
は思い,3
人を多,1
夢見る,1
はじめ,16
んな遅,1
るけち,1
の ぞ,1
チゴ ,1
なたも,1
が中に,1
目で見,1
も何度,1
レベー,1
どとい,2
口グイ,1
" 子を",1
くると,2
私を ,1
向で、,1
一緒に,5
っぱっ,1
いてお,2
の背中,1
した窓,1
ど下宿,1
分の汽,1
まり、,3
ちが親,1
づいた,1
令状を,1
せろと,1
" ア大",1
" 青春",1
一連の,2
を送っ,3
" もち",2
めて、,1
いた部,2
びるが,1
たいち,1
ン ド,1
寄り、,1
" 高峰",1
な。僕,1
フ紙が,1
て読ん,1
んだか,2
船で帰,1
がどれ,1
の硬い,1
にすん,1
ろ以上,1
" ・ブ",1
れて来,1
は、彼,1
シル・,1
あ な,1
師でし,1
るもの,3
色のコ,1
ジは俗,1
れ、聞,1
とをし,1
少々が,1
様子で,1
ールト,14
引いた,1
に、あ,1
い開放,1
の注文,1
し今、,1
中庭は,1
その杖,1
音楽に,1
議の証,1
心を ,1
残光が,1
た。ひ,1
準備を,1
にイギ,1
ほど魅,1
弟さん,1
" を大",1
い。書,1
教師に,1
の伝言,2
かかっ,2
ーソロ,1
ーチボ,4
いと感,1
たんと,1
スティ,5
落ち着,4
で き,1
課の課,1
ームズ,1
鳴らし,1
く抵抗,1
でいら,1
からと,1
彼はゆ,1
一ト月,1
がら言,1
の朝、,3
驚きま,2
いきま,1
わけ次,1
わらぬ,1
ると偶,1
を差し,1
いるよ,1
な謎を,1
わると,1
ない！,1
。する,3
の晩、,2
ジを載,1
日は」,1
が正し,1
告げた,1
ね。も,1
そはジ,1
おくん,1
く神経,1
をたっ,1
鼻を上,1
スとお,1
子を見,2
ちぶれ,1
は、今,1
ス人に,1
には頼,1
ール・,1
市は、,1
チゴ男,3
度のほ,1
て行こ,1
じよう,3
が呼び,1
文通を,1
神経質,1
はただ,2
識だ。,1
したと,3
ま最後,1
てちょ,1
私の感,1
所持品,1
のめか,1
開きま,1
新作が,1
なイギ,3
見れば,2
さかぎ,1
全な闇,1
しに見,1
の男の,2
「面識,1
性はそ,1
た。デ,1
品 が,1
経験を,1
ので庭,1
" 思え",1
態度を,2
え」 ,1
奪われ,1
をめぐ,3
ち主は,1
は勇気,1
ま取っ,1
を 失,1
七通の,1
、 彼,2
英 帝,1
。そし,16
" り過",1
行くこ,2
をはっ,2
自室で,1
機械仕,1
歩く音,1
失礼し,1
めされ,1
の欄 ,2
ずしく,1
エレベ,1
慢な種,1
験にな,1
緑の ,1
それこ,1
んじり,1
年、あ,1
つづけ,4
しはと,1
と言う,3
ぶらと,1
の手紙,11
の粗野,1
にも…,2
り、お,1
日ずっ,1
りに立,1
った例,1
。階段,1
ソーダ,2
く言っ,2
にまだ,1
他の ,1
が近づ,1
市の名,1
屋のあ,1
のあち,1
を募ら,1
" 疑惑",1
" 「分",1
" 「よ",1
私は手,1
にホテ,1
ろよく,1
うが、,1
と国王,1
見て、,1
りかか,3
しても,4
に下宿,1
するス,1
今もこ,2
帽子を,1
い事情,1
側に世,1
早く、,2
ば、 ,1
ある日,1
らを屑,1
こっ ,1
ード・,1
判断す,2
いで、,1
で出て,1
猛暑は,1
ドのよ,1
キの選,1
チンが,1
と大差,1
に 思,2
みを受,1
う約束,1
んとい,2
朝早く,1
我々の,1
ら、シ,1
あった,6
濫用さ,1
を貸さ,1
か私の,1
庭にも,1
強用、,1
はやさ,1
の転貸,1
らいイ,1
る大き,1
室内へ,1
状も持,1
のよい,1
前、私,1
しゃし,1
しか見,1
理人の,1
り、子,1
にも聞,1
状を差,1
はボン,1
ー チ,1
いね」,1
毅然と,1
ほしが,2
申し訳,1
ら隠し,1
早 め,1
 苦悶,1
んまり,2
" 花の",1
に、紹,1
ソンと,1
キサス,9
わない,2
会う ,1
ま た,1
技の持,1
。 男,1
兄弟愛,1
死亡の,1
さん積,1
に違い,4
屋をし,1
だとは,1
き渡り,1
ていき,1
眠り給,1
たに対,1
紙が彼,1
をひそ,1
、かな,1
私は部,1
れを彼,1
お茶を,1
ジの新,1
金 髪,1
人に対,1
にも大,1
たと思,2
警部。,2
面の片,1
よしよ,1
髪頭を,1
屋は家,1
状を持,2
に私た,1
の 前,1
りりと,1
ジとは,1
で歯を,1
はあり,4
問しま,1
おやっ,1
館に行,1
につつ,1
暗い男,1
便ポス,1
庭を口,1
謎が解,1
てる。,2
分間の,1
" 最後",1
女の物,1
女性と,1
の目が,1
だのだ,1
さやい,1
確かだ,1
のが目,1
刑にで,1
ンチに,1
ド紙の,1
薄暗い,2
かしき,1
私を見,2
第一ラ,1
で風景,1
上にか,2
はじっ,1
らゆれ,1
の語る,1
だ、今,1
ちらと,1
見、崇,1
き、ぞ,2
通路が,1
" リー",1
た。髪,1
のデー,1
の友人,2
捜した,1
兄弟は,2
女は新,1
ていま,36
どすて,1
、華奢,1
けさせ,1
箱に放,1
すぞ」,1
くなっ,2
広間の,1
正な顔,1
。火曜,1
たい視,2
にはそ,1
この国,1
戻っ ,1
利な刃,1
" イタ",1
さら ,1
五フィ,1
は私に,1
て 美,1
や、庭,1
も見る,1
人ウオ,1
さらゆ,1
ととも,5
は「父,1
た。風,1
はこち,1
音も。,1
敵に見,1
さい警,1
具つき,1
感情も,1
こで私,2
れは彼,2
ヨーク,1
めて申,1
い』」,1
ない仕,1
ぜい取,1
ライト,7
が最初,2
" 「大",4
は裏切,1
多くの,5
びだし,1
きだと,2
るわ。,1
に書か,1
う重い,1
めなほ,1
なあな,2
心をと,1
く気の,1
じめた,5
しかす,1
らく、,1
で、早,1
見ない,1
ないな,5
えをさ,1
読みま,1
とを言,3
私は決,1
りでし,1
椅子を,2
。すぐ,4
とでも,3
する ,1
ないイ,1
髪のご,1
前は音,1
てる物,1
のかな,2
てあの,2
いちば,3
てきな,1
。あ ,1
通 じ,1
の美し,2
し た,6
ざされ,1
しい山,1
で は,1
の七月,2
からお,3
倒をか,1
スのこ,2
ほどす,1
支度で,1
机の前,1
てぶて,1
冷やや,2
イが「,1
た。ウ,6
いうレ,1
。まも,1
ついえ,1
人広告,1
味する,2
コ入っ,1
長きに,1
とても,8
" 大喜",1
スから,2
のむこ,3
青年が,1
今、あ,1
私の悪,1
だめし,1
一つで,1
何クォ,1
かもう,1
たがっ,1
を得る,1
を意味,1
、慰め,1
性は顔,1
にも濫,1
しなか,2
「その,1
一文を,1
むと彼,1
わめき,1
リーム,1
す。ま,1
彼が選,1
" げの",1
いっ ,1
男さん,1
も優し,1
の間柄,1
リーア,9
ず、黙,1
最大の,2
み、次,1
。前日,1
戻って,3
まだ召,1
い、ス,1
しませ,1
ス 人,1
見るこ,2
在の後,1
に こ,1
、どす,1
べて私,1
" 「ス",1
ドアは,2
話しま,2
が新聞,1
は、ゆ,1
春の喜,1
ん、わ,1
いまい,1
かなた,1
浮かべ,6
えて帰,1
って待,2
大時計,1
で死ん,1
で買え,1
はとっ,1
がるこ,1
も、一,1
考え直,1
ード公,1
出た。,1
ゴ を,1
これま,1
チーに,1
的とは,1
らは、,2
ば、そ,1
ルの朝,3
な個人,1
きりだ,1
" 的で",1
買うこ,1
勇気が,2
が字を,1
の奇跡,1
来るこ,1
確な一,1
。とり,1
信じて,3
われた,2
熱心に,2
" あの",2
メリカ,11
タール,1
なく彼,1
女性を,2
く二つ,1
ェーン,1
のにな,2
薦状と,1
シーで,1
ターは,1
ちょ ,1
髪の美,1
紙から,1
らに大,1
、長き,1
、すべ,1
住所を,1
とが起,1
も の,1
フでし,1
かべて,4
は音楽,2
タのあ,1
く、こ,1
ててし,2
を 疑,1
セイデ,2
を旧知,1
密にし,1
た離婚,1
" 一瞬",1
ご存知,1
暇に入,1
デリー,1
えは本,1
イ ン,1
" ラン",1
山を前,1
は美し,1
る私事,1
じでは,1
" いた",2
、せい,1
ん死亡,1
こぎれ,1
通を取,1
、まだ,1
に思っ,1
で私を,3
は伏せ,1
きは、,1
二つ買,1
証明し,2
までめ,1
私を当,1
手を私,1
ふさわ,3
間とい,2
目の前,2
かりし,1
な誘惑,1
度、階,1
" ささ",1
彼は奇,1
グスト,1
よりも,4
視して,1
にしま,4
の頃 ,1
ときで,1
なホン,1
なた！,1
い。恋,1
うな微,1
が起き,4
では侵,1
の一文,1
と謎が,1
う人が,1
らずい,1
にさま,1
の、ア,1
の ど,1
せん」,2
がかわ,1
花屋か,1
" タイ",1
ーはこ,1
君はア,1
に「苦,1
な一撃,1
なメッ,1
だと、,1
え、闘,1
く信じ,1
ざまで,1
る。君,1
弟でい,1
" を振",1
想よく,1
……』,1
しくお,1
い取る,1
の言う,1
" が頭",1
静かな,4
に待ち,2
聞き取,1
言わず,1
い。お,1
一瞬、,1
やさし,1
のネク,3
見事 ,1
言うつ,1
件く ,1
電話を,1
ろう。,7
は令状,1
に。私,1
廊下が,1
ら客ら,1
、お ,1
ても優,1
" ょう",1
につう,1
、女が,1
かつて,1
おわる,1
ん中に,1
た天国,1
けない,3
室にす,1
に床に,1
。ビク,1
込みも,1
すよ！,1
ンド ,1
を二つ,1
酒を一,1
は確か,1
烈な恐,1
台から,1
ノコノ,1
とっ走,1
と数人,1
も返し,1
ーアと,1
き役割,1
しかな,1
けるで,1
の人で,1
に、た,2
男がお,1
て上の,1
味津々,1
から一,2
れを思,1
したよ,2
りんな,1
庭をみ,1
た。机,1
こえて,9
。 一,3
うとし,8
て、身,1
陸軍フ,1
にとま,1
リスの,4
ーター,2
彼はさ,1
をつか,1
うとん,1
スのア,1
はそれ,3
に深い,1
なぜか,1
がみこ,1
恐ろし,1
、つい,1
と足 ,1
てから,3
は庭師,1
悲しい,1
まで一,1
通の殺,1
衆国の,1
っと息,1
うと後,1
" ーチ",1
ひとっ,1
るあの,1
れらを,1
を求め,1
イ」 ,1
エメラ,1
この中,1
は遊園,1
ここの,1
かもし,4
だ。彼,1
的な排,1
とした,5
激しい,1
らね。,3
近に残,1
には仕,1
、もち,1
「だめ,1
は、永,1
だと私,1
こまれ,6
励され,1
リカの,1
言え ,1
私はウ,1
しま ,1
クはな,1
なんの,3
のある,4
立って,7
い金色,1
きらび,1
ドスミ,1
て待機,1
た期待,1
シャー,1
鬱な気,1
中が、,1
、な ,1
をぴか,1
て私は,2
あがっ,1
に あ,1
男は ,1
ちきり,1
予定を,1
尉」と,1
禁だ」,1
フラン,2
」 そ,2
で、な,1
" 我々",1
と、必,1
" く示",1
めらい,1
い目つ,1
ッカレ,1
れるカ,1
貸用の,1
た。や,1
る機会,2
らウオ,1
がすよ,1
いを浮,1
とんど,6
タが壁,1
その語,1
り出そ,1
ふうに,1
給う。,1
失礼い,2
ビー・,1
の目 ,1
るほど,3
ですっ,1
た。細,1
生粋の,1
ふれて,1
れた天,1
のを私,1
も。す,1
チゴの,2
メッセ,5
明には,1
化 者,1
夕食か,1
家具つ,1
。つま,2
「父は,1
私はけ,1
休暇に,1
ら彼女,1
国会 ,1
理由で,1
あおぐ,1
" 髪の",1
い仕事,1
上 に,1
。あれ,1
津々の,1
は、イ,1
めぐら,2
。近所,1
ニヤし,1
ててい,1
がまま,1
リ エ,1
ろ歩き,1
ばその,1
イツの,1
アとお,1
だ、毎,1
園地に,1
これを,1
える大,1
彼女。,1
のはも,2
言がど,1
って座,1
の闘争,1
男のこ,1
味をひ,2
晩、夕,1
まいと,1
亡の状,1
に出て,3
うよ、,1
ぶのを,2
、大通,1
も気に,1
そ夢を,1
ンがあ,1
顔が。,1
「やめ,1
やっつ,1
従兄弟,5
ばら色,1
トリア,2
げ、そ,1
よろし,3
屋の真,1
「君」,1
事件く,1
紙で頭,1
なっ ,1
ら、彼,2
介状く,1
私 に,1
ア中尉,1
" あり",3
はまだ,1
コッ ,1
" も言",1
とりか,1
ま れ,1
燦めく,1
いたな,1
険はな,1
じたの,1
の目の,2
間の悪,1
んなニ,1
ミスが,1
にしく,1
かしは,1
言い聞,1
は不在,1
ルのお,2
ん で,2
務所に,1
英国イ,3
ルの玄,1
・オー,1
若 げ,1
新聞記,1
" 父親",1
欄を読,2
中、私,2
けてく,1
かんだ,2
の友達,2
行かせ,1
ピンが,1
・ボッ,1
が持っ,1
に着き,1
スには,1
ど鋭 ,1
告知を,1
て待っ,2
訪れ、,2
おまえ,2
え。今,1
うまい,1
どのも,1
エロイ,1
。おま,1
「ウオ,2
ぐさま,2
奇妙な,6
夢にも,2
けつく,2
重要な,1
七月、,1
。いま,1
さらな,2
てるこ,1
おなじ,9
" 一人",1
のそば,3
も大尉,1
をその,1
集中し,1
意味が,1
くつろ,1
い年の,1
をかま,1
" イチ",3
ラウの,1
の習慣,1
べおわ,1
金の無,1
んだし,1
" こり",1
スが大,2
し迫っ,1
市のか,1
したプ,1
庭のせ,1
さん臭,1
に巻き,1
べてで,1
ん、灰,1
聞記者,1
あ の,1
目をそ,1
うむ…,1
様子に,1
達がい,1
ち望 ,1
ない。,9
うのも,2
ぎわに,1
なら理,1
を中に,1
はたん,1
わ」と,1
だ が,1
うと迷,1
れ違い,1
放り ,1
をすて,1
とがお,1
分が椅,1
のでア,1
、以上,1
なアメ,1
「白い,1
ても説,1
ちゃう,1
りを灯,1
うとも,1
もいな,1
彼がア,1
出てる,1
たか ,1
しきり,2
の欄を,2
リス ,2
りたる,1
何フラ,1
妙な ,1
えられ,2
。逃げ,1
、こう,2
エス ,1
のバル,2
人のウ,1
ルと店,1
" かし",3
れが作,1
用物件,1
に座っ,2
むしろ,1
地で威,1
づけな,1
後、三,1
質にな,1
たかも,2
にぶい,1
。 失,1
" 美術",1
ック・,1
れ、町,1
はロマ,1
も突然,1
たかが,1
椅子、,1
" が転",1
調で語,1
が見下,1
彼は次,1
のでし,8
うしく,1
に投函,1
っただ,1
いささ,2
ち止ま,3
はりス,1
ンドの,4
ぜ私に,1
マンス,8
恋人よ,1
目 に,1
も、う,1
新聞を,6
うかし,1
だステ,1
局。忘,1
を、目,1
ールに,2
すって,1
こに来,3
にかと,1
りの自,1
介です,1
うさん,1
む音で,1
願い」,1
てみた,1
やアイ,1
由であ,1
彼はカ,1
た。ホ,1
テ ッ,1
軍第十,2
は忘れ,2
いきさ,1
。彼ら,3
。 水,1
驚いた,1
男、奇,1
ら愛し,1
あるい,1
。そこ,2
のみん,1
さん、,4
」 「,18
都会の,1
英博物,1
フラウ,2
けを待,1
が、 ,1
一語十,2
ともな,2
めて何,1
" そし",6
気のか,1
彼の言,1
く机に,1
フはな,1
されし,1
れでイ,1
理やり,2
を見て,6
に、書,1
" 彼ら",2
子、魔,1
ンが貴,1
靴の音,1
もうけ,1
「最愛,1
ルの食,1
私はあ,2
は、長,1
" えら",1
るがゆ,1
にまつ,1
" そん",2
も驚き,1
受けま,1
ェフ ,1
ること,30
然一大,1
！ 彼,1
好きだ,1
すぐそ,1
ゴが届,1
子を取,1
いまし,57
ソニー,2
うけた,1
入るこ,1
" にし",1
近所付,1
図を送,1
でし ,1
な言い,1
人に出,1
機する,1
。質実,1
アのソ,1
車を降,1
テル、,1
のアー,1
彼を見,2
工面を,1
部は詰,1
、あま,1
もばら,1
じで、,1
出て行,1
取れま,1
いで」,1
発の特,1
くる新,1
れこそ,1
す興奮,1
の横に,1
タクシ,1
事堂の,1
ヨーロ,1
会わせ,1
く答え,1
。こっ,1
感心し,1
性は一,1
第十二,2
んの ,1
「私の,1
" 欄を",1
し自分,1
内容に,1
チゴ好,1
は終日,1
書かれ,1
しく断,1
はエメ,1
も っ,1
ド人は,1
、度胸,1
彼は奥,1
中尉。,1
たしを,1
その先,1
とは言,5
その態,1
ルのそ,1
の」彼,1
" ると",1
。会い,1
を非難,1
尉と面,1
伏せる,1
聞けな,1
り世界,1
ま せ,1
、たま,1
ておき,3
を土台,1
。「気,1
手伝い,1
ほっと,1
るごと,1
の考え,1
んへ。,1
。登山,1
ゃるで,1
が 狭,1
で皆さ,1
お会い,2
にアベ,1
探って,1
。「な,2
あちこ,1
げた男,1
ルドス,1
に連絡,2
やぶし,1
前にも,1
うレッ,1
迎えて,3
廊下の,2
して行,1
れる奇,1
くのは,1
場でウ,1
が、そ,7
紙のこ,1
えた。,6
た か,1
見下ろ,1
シュー,1
を あ,1
人と数,1
のたて,1
らレス,1
をおも,1
どうや,1
たよう,1
ん。ま,1
住所と,1
タイピ,3
お返事,2
くタイ,1
おかげ,1
べにホ,1
ど通さ,1
な口調,2
せられ,1
中尉で,1
、ため,1
と巡査,1
黙が訪,1
たむ ,1
出てい,2
せるよ,1
トを出,1
法を無,1
ろうに,1
毒です,2
部屋ま,1
死刑に,1
のいろ,1
にひか,1
とは確,1
ン・ホ,15
" って",1
書斎の,1
方では,1
き、ブ,1
べた男,1
んが、,1
謎が含,1
ラッグ,1
の姿勢,1
は私は,1
たころ,1
。 第,1
ょう、,3
強い親,1
大尉と,2
運びこ,1
らきら,1
ス紳士,1
人者が,1
につか,1
ううむ,1
ースか,1
べて、,3
き回る,2
面識が,1
』」 ,2
一時五,1
記事が,1
舎が運,1
って最,1
軍フレ,1
手渡し,3
が大切,1
えてし,1
" れる",1
り 乱,1
めな男,1
りぎり,1
ってこ,1
うに邪,1
、好き,1
い噂を,1
手紙は,1
。分か,1
イトと,2
すよ。,2
も大切,1
は鋭く,1
てしま,6
" 水曜",1
らよう,1
気まず,1
ンド・,1
い端正,1
入れて,1
を立て,1
のとお,1
王」 ,1
、見事,1
の七時,1
彼があ,1
よ。俺,1
る幸運,1
ラドキ,1
ら漏れ,1
青 年,1
をつい,1
にを意,1
娘に結,1
たもの,1
撃を与,1
しぶ席,1
女の大,1
が庭に,1
しい愛,2
「デー,1
ー。水,1
いて帰,1
ルで朝,1
た。ア,1
" 失っ",1
なけれ,10
妨害で,1
ットラ,3
られま,3
の陰気,1
をはじ,1
しみと,1
する事,1
一撃を,1
まだイ,3
失礼な,1
ほどロ,1
ともす,1
" アデ",1
親密な,1
で聞き,1
それと,1
しなく,1
打ちひ,1
チゴが,3
前とし,1
テンを,1
べき庭,1
ても好,1
に面会,1
な間柄,1
" 期待",1
捕まえ,1
すます,2
たまた,1
私の書,1
" 普通",1
人の女,2
す。イ,2
" チー",1
はいく,1
抗議の,1
りとも,1
にいる,3
も恋敵,1
手 を,1
で大ぜ,1
く、ア,1
を後ろ,1
立ち去,1
るぞ！,1
きまと,1
ない者,1
テルを,1
は丸太,1
作がか,1
決心し,1
だい。,1
ね。分,1
手入れ,1
……何,1
を当惑,1
あげま,1
おはよ,1
姿が垣,1
するだ,2
クス。,1
" たま",1
出たが,1
意を引,1
こみ、,1
ずいぶ,1
、ホン,2
、セイ,1
に、 ,1
も赤面,1
トとい,2
らちら,1
" あな",7
分を与,1
ィーン,1
い、私,1
も言わ,1
できま,2
沈黙。,1
作法を,1
ーテン,3
彼が立,1
らを、,1
真のイ,1
きなか,1
明けを,2
イの抒,1
りで激,1
はいま,2
間のご,1
私は結,1
うど今,1
れにか,1
りかけ,2
。今は,2
。 さ,2
きませ,4
してイ,1
とそっ,1
は指紋,1
かわら,3
悪の場,1
のばか,1
化した,1
聞を捜,1
だ。ひ,1
す が,1
らに来,1
が日に,1
。地下,1
外はた,1
" す」",1
・フレ,3
「お友,1
ク、コ,1
まずほ,1
て、ウ,1
一日中,2
あげく,1
悲痛な,1
悶の ,1
その後,1
するこ,3
わされ,1
見まわ,2
に扱う,1
に大尉,1
はブレ,1
を犯し,1
ゅうご,1
。とっ,1
こちな,1
ん。今,1
は決定,1
紙を受,1
って ,6
ギク ,1
やる。,1
後のこ,1
こに載,1
らも、,2
れば、,4
ても若,1
うよう,4
奇々怪,1
バーに,1
紙は次,1
介状も,1
介入し,1
かにな,1
中、彼,1
は な,2
階の、,1
日も希,1
を さ,1
く れ,1
ルの新,1
断すべ,1
ば当時,1
頭の上,2
ちは遊,1
た名前,1
ならず,1
「失礼,1
瞬、ま,1
体をぴ,1
て次の,1
" なに",2
のだか,1
が立ち,1
た。誰,1
せん、,1
事のた,1
ーをウ,1
い」彼,1
" は言",1
まりま,2
ていっ,1
わって,2
「しか,2
、小さ,1
違いな,2
" られ",1
会にむ,1
紙の回,1
りの欄,1
りある,1
線をま,1
さわし,3
にはお,1
半ペニ,1
に世間,1
「あら,1
" から",1
い。グ,1
ルをひ,1
意的と,1
部」と,1
合いは,1
あなた,41
フィー,1
人が残,1
はこれ,1
門をよ,1
かせな,1
着る黒,1
つけた,5
院を見,1
しんど,1
行こう,1
いなド,1
せいな,1
帰って,5
のざわ,1
女も苦,1
でアン,1
に入れ,3
なじく,2
犯罪者,1
説明に,1
彼もま,1
背中に,1
めて ,1
いるだ,1
し、隅,1
きの男,1
心をさ,1
が打ち,1
いな」,1
霊感が,1
庭のむ,1
の頭に,1
「知ら,1
たらね,1
の奥さ,1
ます、,2
に先の,1
持品で,1
通の紹,1
のスイ,1
きな男,1
ば か,1
ったあ,1
ないん,3
への連,1
いちゃ,2
はイン,2
うとこ,1
かと打,1
が頭の,1
な巨漢,1
たへ ,1
グラス,1
つくと,2
こそイ,1
で あ,1
をなし,1
" 笑が",1
って進,1
  苦,1
い言い,1
聞から,1
夏 を,1
行為で,1
わしま,1
ダやア,1
俺のも,1
うなわ,1
ま、喜,1
と感じ,2
て き,2
涙が出,1
待ちま,1
滅する,1
って戻,1
りをぶ,1
" はき",1
" 彼は",9
葉を百,1
私は急,3
スでも,1
らな ,1
、今度,1
れでも,1
どこに,2
がふた,1
えて、,1
かくな,1
。一階,1
に所望,1
すごい,1
ろと足,1
は十分,1
私はア,1
顔に、,1
た。お,4
ルはな,1
なイメ,1
聞を置,2
び出会,1
幸せが,1
横たわ,2
庭から,1
の課長,1
イチゴ,18
を示す,1
出しま,3
の家族,2
ノコ入,1
" める",2
りの花,1
と困惑,1
く薄暗,1
な、小,1
」 す,1
内気な,1
たちは,5
で、の,1
へ訊き,1
ら話さ,1
ら刺殺,1
って逃,1
ームが,1
を失し,1
頭がい,1
重いど,1
物たち,1
よ。で,1
、金曜,1
トはジ,1
へ。…,1
足りた,1
に出る,1
ト街の,1
の方向,1
こここ,2
女が決,1
ーの手,2
としな,2
れど。,1
様とか,1
過ぎて,1
んでロ,1
が戻っ,1
夜明け,3
と私。,1
口づけ,1
「おい,2
おき ,1
要な ,1
愛も、,1
しい女,1
" 幸い",1
の落胆,1
" ング",1
きたの,4
る。ツ,1
闇の訪,1
は言え,2
く、手,1
す。ツ,1
れたと,1
ルに載,1
テンの,1
うな方,1
彼女も,1
、昨日,1
のは。,1
長椅子,2
か ら,3
大きな,4
での二,1
なく驚,2
いくの,1
処罰さ,1
汽車。,1
ブリ ,1
かな白,1
界最大,1
トの部,1
いそう,1
チゴよ,1
" につ",1
見てお,1
も十分,1
ンは動,1
るアイ,2
トなの,1
やきが,1
ジを書,1
うに注,1
どう思,1
の自分,1
ストに,4
が廊下,1
にこに,1
らい」,1
聞を手,1
もあざ,1
を好む,1
繰 り,1
、 慈,1
しは胸,1
一度だ,1
" 日の",1
切で魅,1
し、気,1
ドに連,1
の祈り,2
はのろ,1
が私と,1
。この,6
今は言,1
とりわ,3
ル法学,2
とにな,7
どうだ,1
な 感,1
やく晩,1
を好ま,1
近々ロ,1
で門を,1
は そ,1
" 自分",1
いたの,22
窓から,4
小 さ,1
る友人,1
最後通,1
ンに滞,1
にしか,1
通の ,1
なホテ,1
は口論,1
兄弟、,1
。何度,1
出そう,2
る冷や,1
、ひき,1
ろうろ,1
し、通,1
らぶら,2
状は忘,1
" 読み",1
なるカ,1
にカー,2
あまり,5
で無邪,1
しくタ,1
いてあ,4
ス人 ,1
ほど失,1
にひど,1
朝食室,3
動物た,1
後、は,1
日月曜,1
ころへ,1
う、私,1
る、と,2
や、他,1
へ行き,1
の一ほ,1
慈しむ,1
もりは,1
、存在,1
間に夕,1
ても憂,1
てるわ,1
暑はほ,1
が無事,1
は間も,1
同意し,1
思いま,6
けなん,1
分が地,1
わるこ,1
も、昨,1
がおず,1
べよう,1
らさほ,1
がどう,1
門があ,1
のシン,1
アをた,1
くりと,3
るかね,2
…」 ,5
とエン,1
心が動,1
まれて,5
まし ,6
ひしが,1
メラル,1
たボン,1
て注文,1
ったん,3
らめと,1
はたし,1
うの。,1
興 味,1
中に投,1
ったこ,6
ほのめ,2
オー ,1
、ほん,1
ーロッ,2
で 希,1
「なに,2
うな笑,1
少とも,1
なった,7
を賭し,1
、騒音,1
かねば,1
部は立,1
の連れ,1
ず、よ,1
事者と,1
りグレ,1
、アン,1
不動産,1
ツの都,1
、これ,3
ひどく,4
を歩き,2
売られ,1
た所持,1
たわる,1
お風呂,2
が解け,1
いるあ,7
すり抜,1
が詰め,1
ングフ,2
め開け,1
カ人が,1
・ヘイ,1
くて美,1
えが浮,1
いウエ,1
とです,2
ら好意,1
ぐよう,1
いう名,2
た。最,2
" こに",2
うすこ,1
も、ず,2
とがで,1
ら熱心,1
らしな,1
彼はに,2
起 き,1
かかり,1
たのが,1
ールは,2
" 帰れ",1
面倒を,1
事はこ,1
じりの,1
状を見,2
。そん,3
よ。延,1
は高価,1
きちん,1
てみせ,1
そがれ,1
この事,3
がに苦,1
うに立,1
" よ。",1
。失礼,1
明され,1
と富、,1
男が廊,1
。 永,1
と思う,1
。かく,1
ち主で,1
まださ,1
小さな,1
邪気な,1
わしを,1
」と呼,1
手には,2
る人々,1
物音が,1
して抱,1
明しよ,1
さん」,3
ズ ・,1
オ ル,2
が貴婦,1
し、私,1
臓の上,1
らにな,1
残念で,1
どころ,2
れ色、,1
をしょ,1
主で謎,1
私は彼,5
の杖は,1
が死ん,1
震えて,1
" そこ",1
いうこ,7
ん、女,1
ぽい部,1
で寝て,1
" のだ",2
中は、,1
不誠実,1
的な技,1
ぱいあ,1
Ｍ．Ａ,1
で。こ,1
性に宛,1
にショ,1
人は一,1
殺人で,1
を出し,2
な門。,1
。 鍵,1
へ飛び,1
分です,1
" 「グ",1
た。夕,2
、 ま,1
警察が,1
" ぼろ",1
私の目,3
とを ,4
然、彼,1
たね。,1
し挑戦,1
のカー,1
のちほ,1
去った,1
。今、,1
も早く,1
を書き,2
味があ,1
えに噛,1
大移動,1
れよう,2
ところ,13
ューと,1
て、や,1
お か,1
には美,1
的で、,2
に手渡,1
とは知,1
棄てて,2
るロマ,1
らせな,1
きに行,1
きりほ,1
友達の,1
み出て,1
子には,1
を彼女,1
「心か,1
才的な,1
「シテ,1
ヘイマ,1
。 親,2
上り、,1
… あ,1
、まず,1
顔色は,1
都市は,1
が出さ,1
きの一,1
夜。手,1
のウオ,2
で夕食,1
らやっ,1
証言す,1
て一つ,1
" い無",1
と礼を,1
にか ,1
ときめ,1
らのよ,1
よ、と,1
」と彼,10
場合の,1
が燦め,1
整列し,1
聞きま,2
もに終,1
とき、,17
れほど,2
彼 は,1
床の上,1
" ちょ",1
だろう,17
その意,1
座って,2
" 気が",1
拠品を,1
けがあ,1
変わる,1
。ア ,1
深い謎,1
" な、",1
闇の中,1
査。「,1
を 求,1
" 知ら",1
ふてぶ,1
ゴ好き,1
ま し,1
" 人の",1
" タが",1
そこま,1
の霧の,1
ちにな,1
まりじ,1
るで風,1
部屋か,2
鋭く答,1
ずれと,1
" マン",1
……ど,2
じてく,3
遠に閉,1
だ、考,1
ブン！,1
、あん,1
う、月,1
来ない,1
て、木,1
へ の,1
物の荒,1
" 結局",1
きてい,2
私がス,1
らいこ,1
が聞え,1
ず、生,1
ことは,15
が出て,1
の喜び,1
ずイン,1
" 度か",1
知を出,1
いが。,1
待機す,1
傾向で,1
的な伝,1
早いと,1
暇の最,1
興奮し,1
絡した,1
学院と,1
がたい,3
達して,1
ら理解,1
むけ ,2
クシー,1
女性だ,1
の。知,1
であっ,3
な事件,1
路地に,1
今回は,1
大衆紙,1
のけな,1
厄介な,1
分の部,3
ちどこ,2
サッカ,1
に降り,2
っかり,2
なかま,1
せては,1
旅をす,1
に事情,1
最初 ,1
" 第四",1
兄弟で,1
ほっそ,1
しく、,3
まりに,5
週間と,2
人間が,1
が平和,1
…僕は,1
ヒズ・,1
をむき,1
楽用で,1
きれい,2
すれば,2
ンの猛,1
ぐさい,1
失望が,1
さしく,2
り、大,2
「気に,1
に来た,5
を去っ,1
ケット,2
楽しい,1
の工面,1
るよ ,1
を待っ,3
んと一,1
書ける,1
……兄,1
につく,2
上でこ,1
はつか,1
す。彼,6
士に会,1
たと危,1
ると苦,1
こ ん,1
三階に,1
なくて,1
の欄」,1
まやほ,1
失した,1
警部は,3
立派な,1
た相手,1
、私は,27
もよろ,1
の堂々,1
いるこ,4
た従兄,1
ばんは,1
望みま,1
な下品,1
ってし,3
あ い,1
ぐひと,1
見なが,1
" 今、",4
しかけ,4
でお会,1
手紙に,2
ね。そ,1
い方で,1
あのユ,1
が、大,1
した、,2
のであ,7
るかわ,1
、きら,1
ばしば,2
電話口,1
思わせ,1
夕ご飯,2
ウエス,27
た。と,4
イムズ,3
。 三,1
ご覧に,2
大切だ,1
うな愛,2
喜びを,1
君は誰,1
" 「今",2
てあざ,1
中にあ,1
。 争,1
てやる,1
上に辞,1
った所,1
の 途,1
感じて,2
して重,1
間的で,1
地上に,1
の滞在,1
子。疑,1
「大尉,3
今、ノ,1
り ま,2
つ目の,1
、隅の,1
定にな,1
面倒に,1
" ブレ",4
そらし,1
ツ的笑,1
ふたた,3
たもイ,1
の女中,1
な愛人,1
もま ,1
か！ ,2
忘れる,1
人前で,1
か。廊,1
さんへ,1
え、き,1
散に駈,1
乱さな,1
たわけ,1
ャーロ,1
部と ,1
らなの,1
ともそ,1
しがっ,1
で、 ,2
でも ,1
あ。私,1
さなけ,2
慰めを,1
きわだ,1
イト ,1
こはそ,1
打ちの,1
" 警部",1
悲劇的,1
目玉と,1
、タブ,1
。 イ,3
入るよ,1
心に待,2
世が横,1
んどし,1
は話し,1
人でし,1
ージ五,1
フを見,1
。読み,1
この庭,1
・ ホ,1
見るか,1
でもあ,1
か に,1
若い ,1
り、机,1
知なら,1
最中だ,1
話して,1
次第に,1
はいる,1
派な人,1
騎兵 ,1
食べた,2
柄は金,1
妖し ,1
" 「ど",3
トも思,1
がいと,1
するア,1
テルヘ,1
" ホー",1
て重 ,1
プフル,8
ものが,3
じこと,1
歩き出,1
咲き匂,1
ない夢,1
男」 ,1
ね。 ,2
と 彼,2
。日中,1
門を開,1
用意し,1
" に先",1
彼女の,11
と父親,2
そっく,1
にむ ,1
耳を貸,1
きりと,2
漏らす,1
」グラ,1
に決め,1
呂に入,1
の紹介,7
た。紹,2
しがれ,1
げ、朝,1
わめて,2
まらな,2
" のあ",1
ずい訪,1
さなア,1
れて、,2
伝言が,2
す。し,2
ろしい,3
ダ水売,1
な王子,1
に目が,1
" えた",1
り、バ,1
うじる,1
聞につ,1
すこ ,2
" ンで",1
者の脇,1
ぞ」 ,1
た。女,1
まもな,1
にいま,5
