" คุ",6
ด ศ,1
น ล,5
ิตว,1
ตวิ,1
มทะ,1
ล น,1
ลทิ,1
รณา,3
ิ จ,1
ะตร,1
ระด,2
อให,1
้ ค,2
นสา,1
ับส,3
ายฝ,1
ย ห,2
" ฉา",1
ไทท,1
นแป,1
า บ,2
บาด,1
มแร,1
ว ฟ,1
าง ,18
"่า""",1
เลว,1
ือบ,5
บิด,5
" ""ใ",2
ควร,1
์ -,2
รอั,2
้าน,5
างไ,3
" su",1
ฐบา,1
"""ตอ",1
ราอ,1
็ก ,4
"""ผม",2
ชีพ,1
้ดู,1
็ เ,1
งง ,2
ตัด,4
บูร,1
ันท,9
ส้น,4
ตกร,1
็บป,1
อัป,1
รวา,2
มาห,2
รม ,3
กปร,1
ผมค,2
ก ไ,1
นคว,2
มละ,1
่อพ,2
ทิน,1
วคน,1
วลี,2
ฝีป,1
วาม,42
ภาย,2
" อร",1
อย ,10
องฟ,4
pit,1
น ถ,3
ล ส,3
ี่ช,2
รเค,1
อนใ,1
ีใค,3
้พู,1
าวส,1
งนอ,1
่าจ,2
มมื,1
กัง,1
ดยไ,3
สวย,3
ียว,8
่แล,3
" ฆา",1
" ใจ",1
่จะ,18
" เช",4
กรณ,2
บ ก,1
ฟ ด,4
ชิด,1
ขึ้,15
ขวน,1
่ ก,3
้าฉ,1
กด ,2
มิ ,4
ำท่,1
ะสา,1
" ลำ",1
ถื่,1
"า"" ",1
ดขึ,3
เล่,1
อเข,2
ทั้,12
- ร,1
ate,1
รงข,1
" we",1
ีแผ,1
โลก,3
่มเ,2
ม่เ,1
งแส,2
ยงก,2
นคื,1
ere,1
งดู,2
งิน,1
หดต,2
ฟิก,1
ำลั,5
ย เ,5
่ว่,2
งตี,2
วซ้,1
ms ,1
งห้,1
็น ,41
ี ส,3
รรม,6
่อเ,4
ก พ,1
จ ท,1
ด ซ,1
นวป,1
" ไบ",1
คติ,1
น ฆ,1
รเด,1
้ ร,4
ดำค,1
สวา,1
ค้ำ,1
ทำไ,2
ย ช,1
รู ,1
นบร,1
้นอ,1
ง ผ,5
ฟ้า,9
" เบ",4
ใจห,2
ณ จ,1
ฟ ค,1
์ ต,2
งผู,1
ัด ,6
งอี,1
ะทุ,1
้า ,30
่รา,1
งสั,2
ขมั,1
ณหม,1
วง ,5
งเธ,15
ชน์,1
่สุ,4
ยขี,1
วัญ,3
แผ่,1
ละใ,1
รก ,5
ะโห,1
" กร",3
" ""พ",2
าห์,1
ย้า,2
อ เ,8
ม ไ,2
นคง,1
้หล,2
งคน,2
ำตั,1
าพิ,1
อพว,2
งาม,3
น -,2
ปี ,1
จ ว,1
อ ข,1
่ไก,1
ี่ส,11
อนห,3
s ข,3
รัก,6
นะ ,2
" ณ ",1
ยชี,1
ระแ,1
วนอ,1
างส,2
ขาอ,1
ียง,16
รถล,1
่วย,1
งฟ้,4
่งข,3
" นำ",1
" เส",17
า ฉ,2
บาง,8
่นเ,1
บ ม,2
้นแ,1
่ ม,7
าล์,5
ข็ง,6
มด ,7
นอื,4
"์ """,1
" ตร",5
บโต,2
รขอ,1
อบ ,7
พีย,5
ลเส,1
""" ผ",4
ส่อ,2
มุท,1
งมอ,3
กใจ,4
นขณ,3
" กำ",3
งโจ,1
หวน,2
เก่,1
วงอ,3
ยวก,12
งดน,1
ย้ย,2
ิดส,1
วิน,1
ยทั,1
ชรา,2
' แ,1
้สู,1
ปด้,2
" ถื",1
่ .,1
มโย,1
ยัน,3
บวง,1
วยก,2
ด ห,1
ลวง,1
บใน,1
งปล,1
รรก,1
ต ส,2
ม พ,1
ี ช,2
ิ ซ,1
นเพ,2
ระต,1
อจร,1
โจ่,1
ด้ร,9
หัน,3
แค่,1
ง ',1
่แต,1
ย ส,4
ลาท,1
กรร,4
า น,6
ามพ,4
นอ่,1
sat,1
ดงอ,1
คยถ,1
วสา,1
่าแ,1
ะสม,1
้อเ,2
คง ,7
bje,1
นธุ,1
" ช่",2
่กั,1
รษะ,1
้ว่,5
มใน,1
่สน,1
ีกข,1
ยยิ,4
นห่,1
อแต,1
fac,1
มหา,3
ห้ง,2
าะ ,2
สนท,1
ติด,2
นล่,1
ลีย,4
หลุ,1
ตตา,1
ารห,1
เหน,6
าพท,1
วยา,1
" ค่",1
ังเ,3
นว่,2
ขนย,1
จ ไ,2
น ท,18
องพ,19
อ ร,2
ิลล,6
ดสิ,3
ล ห,2
รระ,1
ังข,1
ต่อ,7
ตุผ,2
bbe,1
งศพ,1
ระย,1
อนไ,1
าเข,2
รภา,1
มมึ,1
่าฉ,1
่ยน,1
​ใก,1
ยใต,2
่งม,1
ย น,2
นลั,1
ต้อ,2
าศ ,3
คนอ,3
ศกน,1
จมน,1
่ พ,5
าว.,1
cat,1
ทอด,1
ลอย,1
ีอา,1
"อ """,2
" ผ่",1
จห้,2
ุชน,1
เย้,2
งบา,1
ly ,2
แรก,6
แยแ,1
ันเ,19
ิว ,1
อกไ,3
ว. ,1
ไฟ.,1
รงก,7
รวม,2
งโห,1
hum,1
ม่แ,1
ห้ท,1
น ใ,8
นี่,9
ubj,1
่อก,1
ย แ,2
" โฟ",2
เส้,4
ลงไ,1
" อะ",3
นื่,3
จร้,1
ะยั,1
ขนา,2
" ด่",1
" ไป",7
ม g,1
่อแ,1
" แฟ",12
ใส่,2
นั่,3
่นั,1
" รุ",1
ฝนห,1
ไกล,2
" ; ",2
ณะข,1
่าน,8
่ร้,1
คำต,1
สาว,2
ับจ,1
" เป",23
ลก ,4
ะมั,1
got,1
พ ค,1
ยๆ ,1
าคร,1
คือ,2
ตอย,1
งสา,3
่รั,1
สีฟ,4
เต้,4
่มั,3
็บไ,1
- ด,1
" ส่",1
ละโ,1
่สู,1
่ชน,1
ุรก,1
กาศ,4
มาจ,4
ขีย,2
งแป,1
้จุ,1
ะคม,1
ะดั,1
", น",1
มีเ,4
" ทุ",5
ำให,2
ขนข,1
ัวเ,10
งาย,2
ดชี,1
น .,2
ธี ,1
ัวข,2
ะ พ,2
กวา,1
ิ บ,1
" ไห",1
มงา,1
จ็บ,2
น o,1
" ย่",1
รเร,1
ี่อ,1
ะเภ,1
ระเ,9
รกะ,1
างห,4
ด้า,2
ม้ ,2
" ให",6
สาท,1
่ทั,1
นสภ,1
่วม,3
่งก,1
า จ,9
้นเ,2
ง อ,9
" เห",9
่นแ,2
รึ่,3
กรา,1
ำ น,1
บ ภ,1
" พว",23
ือด,2
ดือ,3
ทำล,4
ธอ ,19
เข้,9
งสย,2
ไปอ,1
"ญ """,1
ิง ,12
น่น,3
ม่ม,6
อเล,2
ีกา,1
เสม,2
ๆ -,2
มาธ,1
สูง,5
ะฉั,1
หงุ,1
อแล,1
ิมฝ,1
. ใ,1
ัปย,1
ร์ร,4
มไม,1
", ฉ",1
่อม,2
ย้อ,2
หตุ,3
ารป,1
เช้,2
ทยา,1
ยับ,2
วขย,1
มวเ,1
าพว,2
ด ส,4
น ว,3
ห์ ,2
จค้,2
งหิ,1
ิ ช,1
เจ้,5
บัด,1
ล่อ,1
นเน,1
อุด,1
อธิ,1
ใช่,1
กเก,1
รฐา,1
ด้ย,1
ะหน,1
รัฐ,1
้ ข,1
ียด,2
ลาด,1
ฉีก,1
ินอ,2
สัง,1
ต้ฝ,1
มแม,1
ป ม,1
ล้อ,2
า ธ,1
ง e,1
ป พ,1
้ เ,4
ง ข,12
" เค",6
มว ,2
ame,1
ือว,1
ss ,2
้อง,15
่าเ,8
" ลม",4
หยื,1
ข่า,2
" ช้",2
้งห,10
วเพ,3
ผมไ,1
""" ส",2
้วซ,1
" eg",1
ละอ,1
ยาว,4
อัน,2
" สอ",2
์ขึ,1
"! """,1
"""พร",1
่สบ,1
" จ้",3
ขตร,1
" ​​",1
ฉาก,1
ในม,2
ยม ,1
นิน,2
ืดท,1
นดู,1
รดใ,1
าข่,1
" ค้",1
ลืม,2
องน,2
จ ก,1
ock,1
ใจ ,9
" ข้",4
จะจ,2
ผุด,1
เขา,93
างจ,1
" ยอ",1
ตก ,2
นร้,2
กสน,1
ย ธ,1
" เด",7
ท ข,1
ต้า,2
สมุ,1
ัว ,11
้ำซ,1
บลอ,2
่ ฟ,1
ลอม,1
" ตก",3
งชร,1
" ลั",3
คอข,1
" pa",1
าดเ,2
ฉุน,1
ุ่น,3
" บ้",1
จ้อ,3
ฟัง,2
กนี,1
ฝัน,2
ีมั,2
เบา,2
ฟมท,1
ด้ ,15
" มั",31
บรอ,1
ตชี,1
อสอ,3
" ศี",1
บบน,1
ชุ่,2
ผมบ,1
ลกเ,1
นปล,1
" ถ้",3
นี้,23
งคว,5
คิด,7
น โ,4
กดั,1
ย โ,1
" อั",2
" ด้",14
sla,1
วยร,1
นื้,2
vel,1
องฉ,2
ธ ก,1
lav,1
กที,6
tan,2
มวล,1
ิตข,1
ก ธ,1
ลงก,1
ี่ผ,2
นั้,10
" รู",3
ป เ,1
ค่อ,1
ามโ,1
ลูก,2
อนน,7
้ ม,1
คำถ,1
ขาฟ,1
" ใบ",3
ย จ,1
ญขอ,1
ว ข,11
ล้า,8
ี้ย,2
ีปั,1
ินา,1
มง ,1
่ละ,1
สิบ,1
้ำ ,9
ก็บ,2
ุทา,2
ือง,3
้ยห,2
" ตั",15
าถึ,1
วบร,1
่ระ,2
ดอย,1
" ธ ",4
"ด, ",1
ูป ,1
- ต,2
ลัก,4
ละแ,2
ณะ ,1
" ""ผ",2
ในก,4
อบอ,2
ำทะ,1
นหล,5
ยก ,2
บสน,2
สนุ,1
งแด,2
ผมส,1
ะไม,2
ลดล,4
มีแ,2
อดอ,1
ษ โ,1
ณ์ข,2
"ธ ,",2
รคำ,1
ลีก,1
" ฝั",2
ด็ก,3
อ ค,2
ยุซ,1
ะ น,1
ม จ,1
ค อ,1
งหร,1
" ย้",4
าเร,2
ใบ้,1
นำ ,1
" ขอ",84
่าส,3
ครึ,3
รมณ,2
ีก ,2
้นฟ,1
" นั",2
า ท,13
ยน ,4
ัง ,9
มผั,1
ำผร,1
้ำห,1
้าห,2
นอี,1
บล้,1
พริ,1
มึน,2
นฟ้,1
สิ่,12
" หน",7
บนี,1
""" บ",3
าจา,4
นุษ,1
รุณ,1
นน้,1
ิง!,1
ันล,1
" บอ",1
ีกั,1
 มั,1
พยา,6
" กั",13
มาน,2
ก็เ,2
พาย,1
ีชี,4
ุถุ,1
จึง,2
ิกา,1
ผัส,1
ูปล,1
งแค,1
งคง,6
นคน,3
วิท,1
รดำ,1
บไป,3
ทิว,1
"่ ,",1
สาเ,1
์ริ,4
บที,3
เช่,4
มพู,1
นท้,1
งปร,1
ดีย,6
มที,7
นือ,6
ด อ,3
น ภ,1
ะ ฉ,1
ิตย,4
อ ด,1
บัต,2
มกล,1
รธ ,2
ปกป,1
้ ก,1
็นฝ,1
" ฉั",6
อขอ,2
ายพ,1
ลม ,2
มบู,1
ย ท,3
ตาบ,1
ามม,3
ลหะ,1
ญ่ ,3
ี่ใ,1
้ แ,3
ณ ท,1
คนร,1
าta,1
ณไม,1
นฝี,1
วบค,1
สี ,1
างแ,1
ยเป,4
ดด ,3
กจา,5
ce',1
pre,1
้ทุ,1
สน้,1
หน่,1
่ง ,24
อกจ,5
ดหง,1
ันด,1
าสม,2
พขอ,1
บรา,1
". """,11
ย์ป,1
อรุ,1
บสุ,1
ททา,1
เภท,1
ปล่,4
ng ,2
นไห,1
ะไข,1
kin,1
รีย,1
าข้,1
ปร่,1
ภาว,1
ังค,6
อ ล,2
ล อ,2
ก Q,1
ิชา,1
unp,1
ยหิ,1
นเห,4
ะเข,1
nki,1
อนจ,3
างฉ,1
รมา,1
บ เ,6
ายั,2
าษ ,1
อยย,4
บ พ,4
" เต",6
ามั,4
ุกท,1
ับไ,3
งผิ,1
หญ่,3
่ ผ,2
รไก,1
าดก,3
" at",1
ชี้,1
รอย,7
จบ ,1
งบิ,1
" ลึ",1
แรง,3
าตก,1
่คว,1
ลกก,1
กให,1
ันค,1
หง่,1
าม ,10
ฆาต,1
งแล,4
ู้ท,2
านก,1
ตรฐ,1
น แ,15
ดิง,7
งิด,1
ำลา,4
ารู,1
ย ใ,1
ุย ,1
", u",1
มโง,1
fts,1
ก น,3
ี อ,4
น ก,8
องจ,1
ant,1
ามแ,3
ป ใ,1
รง ,3
ขาพ,2
าถ้,1
าน ,11
ายก,1
ียช,1
ารแ,1
็นเ,4
" เล",6
ง ร,4
ำ ท,4
ล้ำ,1
ามก,1
ุกว,1
ไม ,1
ากม,1
" พี",3
สิน,2
็ ร,1
ำไม,1
บคุ,1
แดง,1
อโห,1
" ตึ",1
งสิ,2
ราจ,2
ิด ,10
ะอง,1
สู้,1
้งจ,1
ม่ำ,1
าศก,1
. ต,1
รจะ,1
ธรร,3
ละเ,3
ยอด,2
"น, ",2
ดงใ,2
มขึ,1
าสก,1
งแต,4
ู้ว,1
งวา,1
านั,2
ผมห,1
t เ,1
" โอ",3
-ห้,1
าพั,1
าอก,1
" ไอ",1
ะลง,1
ณ์แ,1
ื่อ,33
ูเห,5
ครื,3
ระโ,4
มัค,1
อุ่,2
ียบ,7
อยข,1
โหล,2
ย ว,2
ลาบ,1
ร ท,2
ถ ย,1
ณ ว,1
อยเ,1
สี้,1
้าส,1
y ท,1
ุทร,1
ค์เ,1
สิ้,5
แข็,6
พลี,1
ทรา,3
้าt,1
ิค ,1
ะจำ,2
งก์,7
ช !,1
ม่ร,2
""" น",3
วเอ,9
เสร,2
าก ,23
มาถ,1
หว่,5
านม,4
" จิ",4
เก็,2
าฉั,2
ตระ,2
นหิ,1
ษย์,1
่เพ,1
็กเ,1
นไป,5
ิดว,5
d เ,1
ู แ,1
หล่,2
ุดห,2
าผม,1
่ -,4
รตา,3
ุข ,1
วาด,4
บนใ,1
วยค,3
หร่,1
แหว,1
อ ต,1
น ม,10
มืด,2
ม น,2
งหา,1
ต อ,1
ิตร,1
นเป,13
สั้,1
หม่,1
ากเ,3
าวน,1
งฉั,3
ขาก,5
ยชน,1
บแล,1
นกร,1
วนก,1
ยใบ,1
ับท,3
หึม,1
ว ;,1
อาร,2
" ใค",1
ลาห,1
จะไ,6
า ล,5
ี่เ,14
ากข,2
'll,1
ำแข,1
ุกค,5
ป ผ,1
็ง ,4
างเ,3
" ลว",1
วล ,1
ซาก,1
ไปบ,1
หยั,2
ณาน,1
ี -,1
ยนแ,1
ทรก,1
หน้,11
งกั,3
" สร",1
ฝัง,1
ฟัน,3
ค่ ,1
ันป,1
e'l,1
" gi",1
npr,1
ัยว,1
งพอ,1
รือ,14
ผมจ,2
led,1
วแถ,1
ศนค,1
ego,1
ยือ,1
ทิต,4
ริม,3
ต ไ,1
ธิบ,1
นตร,2
วาล,2
้ตั,2
องป,1
up.,1
ัวว,1
ม ส,2
าญข,1
าอย,2
นเส,2
ผ่ว,1
าเก,1
ane,1
งนั,4
ละ ,30
อนท,3
นกำ,1
บ แ,3
" ใด",1
ไม่,35
ามา,7
จัด,1
ชี่,1
่ตา,1
เพิ,3
โยช,1
ปาก,4
ชื่,2
" ลื",1
" sa",2
ม่ข,1
ู่บ,1
อก็,2
- ว,2
ave,1
ำศั,1
่มข,1
ป้ง,1
านเ,2
ันใ,1
ีเพ,1
ันซ,1
อกท,1
" สำ",2
ยา ,1
ita,1
้กั,2
นาฏ,1
บรร,1
านข,2
ปที,3
ิมะ,1
กคร,7
น เ,19
eri,1
", ส",1
งคล,1
ย ไ,3
หลอ,1
ืดแ,1
" โบ",2
d ล,1
ือ ,9
" อื",5
ใน ,24
น ข,14
ber,1
ะ ห,2
ก บ,1
"""ดี",1
ลวร,1
กเย,1
ี่พ,3
ามเ,13
" แผ",2
ชั่,1
ป โ,1
มเข,1
ตใจ,2
ขาม,3
ดข่,1
วนม,2
คำศ,1
ครุ,1
ักห,2
ตะ ,1
ขยั,1
อนว,1
ารเ,6
ส แ,1
ำแย,1
สับ,2
ต่เ,1
มฆ ,1
ฆ ม,1
ง ภ,1
ำ ด,1
่ อ,4
" Qu",1
" พิ",1
ือก,2
นอร,1
็ว ,2
" ลง",2
" ตื",3
คาย,2
งรา,1
ที ,3
งสี,1
้อม,1
าวเ,1
สว่,1
ไต่,1
ทรม,1
มจำ,2
สู่,1
ช่น,4
่มา,2
รจั,1
- ท,1
วกั,13
ป่ว,1
่สิ,1
ตุ ,1
งโด,1
"ัน""",2
ำพู,4
านา,2
ร้า,4
ตรร,1
ัพ ,1
มีใ,3
่ใก,1
ะไร,3
ีคว,2
ัคร,1
ะดา,1
รคั,1
d ต,1
งหม,8
ก ส,2
ะ ป,2
ังว,2
ี พ,1
นา ,1
นเช,3
สม่,1
ระก,2
;กา,1
่นข,1
วร่,1
ปกต,3
สแล,2
ับว,3
่แน,1
ยบ ,6
มสง,2
้นก,1
า ต,8
สมบ,3
ากา,6
ง h,1
ส อ,1
ถ ม,1
์ a,1
สี่,3
เลส,1
้าอ,1
วอก,1
พรา,1
ปยั,2
ดยา,1
าจะ,5
้งน,1
มจร,1
หนี,1
ันห,1
" บร",1
วมก,1
ฟม ,1
้มั,1
ยิน,1
้ -,1
หิน,5
วิต,10
d แ,1
ุดส,1
", ช",1
่อย,4
ะคา,1
ยงอ,1
มคร,1
ู เ,1
อด ,4
ทีม,2
ารพ,1
ก !,1
บนโ,1
ิบา,1
น ย,4
ล พ,2
องห,3
งข้,1
ลงร,1
ธ ร,1
รณี,1
กเข,54
อุท,2
สั่,3
​​ใ,1
เนบ,1
งจา,3
ง แ,13
ต่ม,3
ก็ ,9
่นอ,3
นเล,1
ts ,1
าวว,7
ด้พ,2
ะหล,1
่งอ,3
ย ต,1
มณ์,2
ง ก,7
นแล,6
ะมอ,2
ี่แ,4
ามร,6
้ ใ,2
จมต,2
ว ม,1
ี้ก,1
ดนั,1
abb,1
าดท,3
เพล,1
" ! ",4
ble,1
หาย,4
หยา,1
้ฝา,1
างใ,2
ราส,1
พีท,4
เกี,6
ีกเ,1
อเน,3
ปุถ,1
ย w,1
ส ?,1
จ้า,5
า f,1
" สย",1
ิงแ,2
คึก,1
มฝี,1
้มข,2
ต ใ,1
บอุ,2
วดเ,2
ไรบ,1
จ เ,1
แผล,2
แปล,6
องบ,1
จ ข,3
ขู่,1
ดตั,3
ม s,1
โต ,2
"""คิ",1
อ ว,1
ผู้,10
ฝูง,1
จะต,1
" ริ",1
" ยา",3
กับ,27
งร้,1
างท,5
นกา,4
คำน,1
าส ,1
บ โ,1
สาห,1
รถบ,1
mov,1
ไม้,2
พ จ,1
ึนง,2
ปฏิ,1
ล้ก,1
" เท",3
ดฉั,1
บ ผ,2
์ตั,1
็ ต,2
ข้ม,2
คืน,2
เพี,5
งให,2
ะสี,1
ไหน,2
พึง,1
่ดี,3
่คล,1
าดใ,1
ะอี,1
" หิ",3
ก่อ,3
ฝั่,1
งเร,5
โกร,2
เกล,2
าย ,40
ทะเ,12
" สา",10
ดหน,1
ไขม,1
" ""ม",1
ะโด,1
บช่,1
อ- ,1
ลกใ,3
นซึ,1
งทะ,1
  ม,1
ะได,4
", อ",2
กิด,3
ีพจ,1
จขอ,1
"ม """,2
ู ร,1
ะ ส,3
ีวา,1
tam,1
ญ ท,1
ดีก,1
" ไฟ",1
ี่ม,8
คุม,1
ว แ,4
ว่ำ,1
ด้เ,1
างว,1
้ พ,2
หมด,8
" ขย",2
ะแส,2
ปกค,1
าบ ,1
อ้ ,1
" เว",1
ง ม,7
า ค,9
ากร,2
ีปา,1
ใจถ,1
สัป,1
ี้ม,1
็เป,1
ได้,41
่ ส,6
ำผึ,2
ขวา,1
ุป ,1
ือโ,1
ด -,1
นอย,4
รอด,2
ิ้น,5
" ติ",2
ิต ,7
้อย,6
ดี ,3
ว์ ,1
รหด,1
เกต,1
" บา",5
าฟื,1
ิวแ,1
ย์ ,1
ีแม,1
ึกว,1
่อี,1
ุณ ,4
จร ,1
มคิ,2
ยื่,2
วิเ,1
มีช,4
อื่,10
คอ ,1
ศ เ,1
ก ห,3
ม ซ,1
ะ บ,1
tro,1
นเต,1
ภท ,1
ระพ,1
นมา,5
" ขา",1
ร็ว,4
วร้,1
า ด,6
ากำ,1
บาบ,1
ว้ว,1
ร ต,1
" พร",6
มผิ,1
นอา,2
ศที,1
" ลด",3
ราบ,1
าตร,1
- จ,1
""" ท",2
" หด",1
ันส,2
" ชา",4
้มา,1
นาฬ,1
ผม ,2
าบร,1
อร่,1
" จึ",2
หงิ,1
ยงส,3
ดิม,1
จำ ,1
ณ์ท,1
รีด,1
ยว่,1
าพร,1
"ก """,3
อว่,1
่ได,10
น ร,7
ะ ช,2
อ ท,2
องส,3
ลือ,5
ก ค,4
ค ก,1
่ไห,2
น ผ,2
ง เ,24
" แข",5
ี้เ,1
ปะท,1
ขาใ,1
ๆ ก,1
ง่า,1
ลุม,2
"ใจ,",1
เงี,6
หมื,13
หัว,3
างค,1
มม ,1
ับต,1
ย ด,2
อาม,1
้นำ,1
ร ย,1
า ร,4
มรู,6
้ ไ,3
ากค,2
บ ซ,1
ิงช,1
นอก,6
ควบ,1
rop,1
ล็บ,1
วระ,1
างโ,1
" หล",5
เกิ,7
ละม,3
ันน,4
" สม",5
นนั,1
อมล,1
" มอ",5
นขอ,4
อสั,1
ในอ,1
พาพ,1
ุษย,1
่เห,2
วปา,2
งคำ,1
ิดฐ,1
แสด,3
นคอ,1
ย็น,2
ูดแ,1
ลลี,6
งตร,1
ณีท,2
" โจ",1
จ แ,1
ังน,4
กล่,11
ด ก,2
ก ด,2
ิ ม,1
ะ ล,2
ุ อ,1
ท เ,2
ดูเ,5
ินเ,1
เนิ,2
" รี",1
จะด,1
" ยั",4
กัน,12
างด,1
นัก,2
นกั,1
้พว,1
้ อ,1
ายา,6
ย ค,3
ยใจ,4
สาส,1
อยม,1
บ ใ,1
ีขน,1
ง ถ,1
" น้",12
ซบ ,1
ากด,2
ะใน,1
งไร,1
่ ป,4
็ ด,1
" ฮั",4
umm,1
ดำเ,1
ไปจ,1
oti,1
พิ่,3
" ต้",2
เคย,5
้คำ,1
ove,1
ช่ว,5
จุด,3
งกร,2
" สั",5
าสา,2
น้า,11
หา ,2
ผมพ,1
งดำ,1
น ๆ,9
กคล,2
ซิฟ,1
ย ๆ,2
โห่,1
สริ,2
" อี",10
งขว,3
คย ,3
ทาง,7
บวม,1
" ดั",4
าให,1
บพล,2
ะ ต,1
ใต้,3
ด ​,1
ม ค,3
สะท,1
ขเพ,1
ว เ,7
ว่า,45
นเค,2
ิ่ม,7
ะเอ,1
ร ไ,1
บเง,1
ขาร,1
ักษ,3
าทิ,4
าวค,1
คำส,2
ายข,4
อาก,4
ารโ,1
็นก,1
มบล,1
กสี,2
ร ข,1
บ ห,1
" พา",2
่ ห,1
ิงส,1
ืด ,1
y ข,1
สีด,4
สติ,1
" ล้",3
ละก,2
ุ้ม,1
ีกอ,1
ัน ,49
าบา,1
าสข,1
านิ,1
" จม",1
ริง,3
อง ,75
ี โ,1
ดำ-,1
" โศ",1
ศ แ,1
วาง,6
ด ม,3
รถ ,2
ลงอ,1
ิ ก,1
", โ",1
ร่ว,2
นวั,1
้ไข,1
นเด,1
มัน,47
เวล,7
โง่,3
" ขั",1
" นอ",11
ลาน,1
ัก ,7
ียน,2
อยก,1
ับล,1
นบ้,1
" ฟอ",1
พระ,6
วด ,2
บคอ,1
งใจ,3
งอร,1
รอง,1
แดด,2
" ผม",11
นถ้,1
งเข,20
""" ถ",1
- ฉ,1
วมใ,1
"จ, ",1
ส่ว,1
หนื,6
ดซบ,1
" ชั",1
วกร,1
อมต,1
ยอง,3
มาต,1
โลห,1
นหั,2
ลำต,1
้อ ,4
นปก,1
" จั",2
ดใต,1
ตรี,1
่เป,2
" ทอ",1
ติม,1
" fa",1
ารผ,1
าพย,2
วาท,1
บนเ,1
วยง,3
รณ์,5
โฟม,2
นวโ,1
ังจ,4
ศีร,1
น ฝ,2
นทะ,1
อวิ,1
นเว,3
ขาเ,3
งจะ,1
ๆ ข,4
ง ใ,7
์กำ,1
" แก",2
พวก,53
่าง,35
อนค,1
ขาข,1
ะหว,5
ไบร,1
เงิ,1
ทนา,1
สยอ,3
ายล,1
ยละ,1
all,1
่งห,3
มสา,1
" เก",21
า ย,1
จะใ,1
สมอ,2
""" """,3
ll ,1
นแร,4
ร ร,1
กรธ,2
ตย์,4
ินท,1
" o-",1
ป ป,1
้ำผ,2
่ จ,2
ือย,2
" . ",10
วอา,1
โยน,2
้าพ,1
ไปท,4
ก์ ,7
dic,1
tis,1
เกื,5
ดเย,1
อเป,1
งกา,7
ันธ,1
วมา,1
อกค,1
"ำ """,1
มาย,5
ในส,1
พร้,1
กขา,1
้มค,1
ู่ใ,8
พัน,3
" ก่",2
ร์ต,1
ูดพ,1
อดช,1
โอก,2
วลา,7
กิ่,1
ารอ,2
med,1
lpi,1
ด โ,2
กล้,6
องค,8
ผลท,1
ี ม,2
ู อ,1
ก ต,1
คุณ,8
ด่า,2
ขณะ,3
เนื,5
ตจา,1
จะท,1
ถ้า,7
่ยง,1
างต,4
อนด,1
แลง,1
่าท,1
บ ไ,2
ว .,1
ถูก,1
" น่",9
ง ท,20
ามี,5
โจม,2
โศก,1
ป ซ,1
ับเ,4
แขว,1
่ลง,1
win,1
เพื,6
ิ้ว,1
" sl",1
พื้,1
เคร,6
นึ่,16
" ต่",2
วกเ,53
ู่ท,2
าร ,9
ันจ,2
อะไ,3
บจด,1
" สะ",1
ดึง,6
วงเ,4
ดัง,5
les,2
น้ำ,13
หวา,3
งแม,1
็มไ,1
ปทา,1
าได,4
ิตใ,2
่อง,11
ฟี่,2
ีดข,1
ติข,1
แสง,3
ล แ,2
งตา,2
เถื,1
มพย,3
จาร,3
ยศท,1
่อ ,13
" ไม",24
" อ่",5
ังศ,1
แส ,1
แปซ,1
" แม",4
ๆ ย,1
ี่ร,1
บเค,1
ขาย,2
่าว,12
ไปใ,5
้ ผ,1
ขยา,2
าที,4
ะหง,1
มชา,3
บซึ,1
สขอ,1
กสา,2
" เม",19
นช่,2
ากล,8
า ข,7
บ ส,2
ง ว,2
ำแล,1
็นไ,2
คนง,2
ือเ,1
งอา,5
งใน,3
ือข,2
ิบ ,2
ราค,1
ไหว,1
เมื,6
บ -,2
ู่ว,1
- บ,1
น. ,1
งมา,1
- ไ,1
ในช,3
กาย,6
ะโย,3
ยิ่,1
ห้อ,1
ู้ร,1
่เช,1
านี,1
" ม่",1
ี แ,2
ะคว,2
่อื,1
งีย,6
ดย ,4
มีจ,1
" อบ",1
ต ม,2
ี ก,4
ะ ค,6
น u,1
น อ,2
อ น,1
บว์,1
", ใ",1
เจ็,2
่ยว,8
วนา,1
ายต,3
ย ร,3
็นถ,1
ง .,1
ู่ ,5
ล้ว,7
ง่แ,1
ว ท,2
ษณะ,2
คนท,1
ศกร,1
ท ว,1
ิวป,2
ิช ,1
ศวง,1
พล่,1
งอย,4
งเก,2
" ซึ",7
- ช,1
หนึ,16
! เ,1
ยาบ,1
มนุ,1
่สว,3
วโม,1
ถาม,2
จะ ,21
" จะ",8
ฮัน,4
านล,1
สูญ,1
หงา,1
' ค,1
มไว,1
ยทุ,1
่อว,3
แสว,1
ธ ;,1
? ผ,1
วลข,1
หลั,8
ะ m,1
ปลก,5
ตีป,1
ทาน,3
นโย,1
ess,2
อ ส,3
น พ,6
ver,1
ด ณ,1
ลย ,1
นทำ,1
หรั,2
องท,4
" รว",2
ง โ,6
งจั,2
ระอ,2
ani,1
s ส,1
่ำเ,1
างข,2
็นว,2
ศพข,1
ยผ้,1
ง ค,11
""" !",1
" เข",16
า ม,8
จะเ,2
่จุ,1
ี่ไ,3
ดูด,1
moc,1
บ ฉ,1
ี้ค,1
ข้า,11
่ ฉ,2
รได,1
พิจ,3
าหย,1
ดทิ,1
ิงค,1
ะบบ,1
ราล,5
งสน,1
ทรแ,1
"""ใช",1
โดย,10
่คุ,1
้ที,2
ดเร,2
ดฐา,1
ุ่ง,1
ีเข,2
" หว",1
หนก,1
ุ้ง,1
" สว",1
มาร,4
ในห,2
edi,1
บรื,1
" มห",1
ตรง,3
วงต,2
ึกข,1
"ะ """,1
้หญ,6
ต เ,1
วปะ,1
กดว,1
่วเ,1
้ชั,2
ด ใ,2
รี ,1
งาน,3
ลา ,3
ังป,1
ีย ,3
าใน,2
cky,1
นวณ,1
ต ข,1
ต่า,2
ว้เ,1
ทุก,11
นัง,2
" ยื",2
คำผ,1
งนี,2
้ ห,3
มะ ,1
สงบ,3
ึงพ,1
ปัก,1
ย ข,7
เทา,3
ely,1
บ้ ,1
ง ด,8
งไม,3
ป จ,1
ท้า,7
บ น,1
ใจร,1
ำได,3
่ น,1
p. ,1
าหา,2
้ำแ,2
พื่,6
ดยพ,1
ตึง,1
"""ใบ",1
ขัน,1
ใคร,4
แย่,1
ยเค,2
pal,1
ญเส,1
เมฆ,1
า s,1
งกล,5
ห่ร,1
ญมณ,1
"""พู",1
จรจ,1
าสิ,2
บรว,1
าบค,1
ฟื้,1
ีแด,1
นปร,1
งที,13
rin,1
ึมา,1
คัด,1
าฬิ,1
น ไ,8
ล เ,1
ิดข,3
ทีแ,1
กคว,1
ิฟิ,1
ารข,1
ยกั,4
ตา ,5
" คร",7
" ดำ",3
ะ ท,3
ล ข,3
ะตุ,1
ถอย,1
บพว,4
ำสแ,1
ล่า,15
ยหน,1
าเอ,2
ี่ย,13
นก็,5
กเพ,1
คุย,1
และ,58
" ขว",1
สงส,3
หัก,1
ายค,2
ารไ,1
บปว,1
" เย",5
า ก,9
่น่,3
ว ค,2
ว้า,2
ต้ค,1
ือแ,1
ขวั,3
พิศ,1
้รอ,1
ด .,1
ูด ,9
มอง,9
ะทะ,1
งสู,2
หาญ,2
เรา,16
ปข้,1
ีบ ,1
"บ ,",1
ยค ,2
ตกใ,1
บนห,1
" หง",1
ปวด,1
""" ค",2
! ท,1
้งแ,6
อกร,1
" สง",2
งมี,2
นใจ,1
รุ้,1
การ,41
รวบ,1
็กท,1
ยิ้,5
" ""ถ",1
ตรว,2
" จร",1
มาใ,1
นหร,1
ีดำ,4
ำคล,1
กลุ,3
ี เ,5
วณ ,1
ณ์ค,1
", พ",1
ะดึ,1
่งเ,5
ปลั,1
ุ์ ,1
มีท,2
ทีอ,1
ก -,2
เหย,1
วาน,1
" คำ",13
แช่,1
ปรั,2
", เ",1
อ บ,1
ศตะ,1
ี ข,1
บพื,1
พ่น,1
ิจา,3
ีจำ,1
กะ ,1
ด้ห,2
นมื,1
ยตั,1
ย ย,3
อาท,4
็นท,1
่งบ,1
หน ,1
ว ด,1
งไก,1
ูรณ,1
ยแส,1
้าม,7
งออ,3
งบน,1
ะสบ,2
ำหน,3
สุด,13
ยด ,3
""" ด",1
จ่ง,1
หนั,3
ช่แ,1
ยขอ,4
วัต,1
" บว",1
จ้ง,1
ยฝั,1
" ธร",3
" จำ",1
งวล,1
ูปร,1
ีดร,1
ยืน,1
ลคร,2
่อน,11
กี่,6
" ' ",2
ะ -,1
นไม,2
แสน,1
ก ใ,2
กิจ,1
มต่,1
ปดา,1
" โง",2
อีย,1
โบว,1
ารร,1
จาก,26
ฐาน,2
ยมา,1
ูงเ,1
อ ห,2
hie,1
นทา,3
น ฟ,2
ะเจ,4
ระส,3
จะก,1
าะห,1
ต่ล,1
มเน,2
ท่ว,1
่ำแ,1
่าก,6
o- ,1
นลู,1
แม้,2
ร ม,1
จัก,2
จะแ,1
nic,1
ามว,1
ูญเ,1
์ ข,2
์ เ,9
่ ไ,5
ดที,2
าหร,1
รผ่,1
cal,1
ดขอ,3
งบส,1
ธอก,2
รุส,1
ม่น,1
ิเค,1
มน่,2
สนใ,1
ย s,1
ู่ก,1
""" ร",2
อกข,1
า b,1
ห่า,2
อบค,1
มฝั,1
ดกล,3
วงด,1
น้ม,1
กลง,2
แห้,2
ยงไ,1
" โท",1
สำห,2
ด เ,7
" อุ",2
กว่,5
องไ,2
ด ข,8
ิ ย,2
ธีก,1
ุดแ,2
ก ท,6
ณ์ ,3
ี ร,1
นงา,2
้ไม,1
" ระ",9
าเบ,3
ะเธ,1
รเป,1
ี่ต,1
" แท",1
ณ แ,1
้ ส,3
ำเส,1
ักพ,1
ขาด,2
ผ้า,1
แลก,1
ะปก,1
ด้ช,2
จน ,1
ย ก,4
่วน,2
์ที,1
ดพล,1
ฝาค,1
ง ต,8
" ภา",3
ากท,2
ข้อ,3
คยเ,1
็ น,1
" ? ",1
็วค,1
ะวั,2
โยง,1
้ำเ,1
ตอบ,1
แล้,7
"ล """,1
ขับ,1
เลแ,1
" un",2
ั่น,5
บ่า,1
นจะ,5
ลมห,2
ุนแ,2
โมง,1
ปจา,1
งเว,3
ะน้,1
"ย """,1
จำน,2
์ขอ,1
ุม ,2
์ฟี,2
ะท้,3
ัญม,1
มาะ,1
ั้น,11
งแร,4
งทิ,1
คร ,5
" ทะ",6
กดจ,1
ดำ ,6
ริช,1
กต่,2
กลื,1
แป้,1
ม ใ,3
มลท,1
ะล้,1
บอด,1
ายใ,5
ริ่,5
เท้,1
มื่,6
ร์ ,11
ังส,2
สอง,7
" ไร",1
ก ว,3
ม ง,1
าธิ,1
จะม,3
ิธี,2
ร แ,1
มั่,1
บเข,2
นเก,1
แตก,4
างร,2
่าม,3
กสะ,1
"ท ,",2
็นค,4
ุน ,1
"ิน,",1
" นุ",1
แก้,2
" เร",16
บ ศ,1
ะใส,1
ง ล,2
ร ก,2
ดนต,1
แขน,1
่ด้,1
ฝอย,1
บคา,1
ะทั,1
จถ้,1
ิขอ,1
ไหล,1
ดออ,2
าด ,4
่คน,3
่ต้,1
ละค,3
้วย,17
ีเล,1
" ปะ",1
้งข,1
ฟ. ,1
- โ,1
รุ่,2
ีกส,4
าสง,1
์แบ,1
" ""ต",2
ู้ม,1
งวิ,1
กลว,1
ิดอ,1
คำ ,4
ริบ,1
ารณ,6
แมม,1
่งแ,2
งค์,1
เหม,14
่ช้,2
ิ เ,1
ะ ไ,1
" อธ",1
ด ย,2
ประ,11
ิ ข,1
ยุด,3
", แ",2
ม ท,1
ิตอ,1
ำ แ,4
อ่อ,6
ระบ,1
ิศต,1
ช ซ,1
ณเห,1
ต่ต,2
่นน,1
่ยม,1
ด้ส,1
ครอ,2
" ขึ",8
ำเช,1
ยตา,2
ย ม,4
นสุ,5
ายท,6
ู้ ,2
" ฉุ",1
ามท,5
อยๆ,1
ว ต,1
ใจข,1
ฟรง,7
้ำย,1
ยแล,1
g ใ,1
งรอ,1
ราถ,1
ชีว,11
้วา,1
บ ;,1
ลับ,8
ดแบ,1
ป่า,2
อกา,2
" สถ",1
อร์,13
ุก ,4
กาะ,2
นาศ,1
" จา",8
่เธ,3
ลแล,1
ดับ,1
ีรษ,1
วย ,9
ชนะ,2
ก โ,2
มต้,2
ผิด,1
อได,1
นตอ,1
ารภ,1
" ฝน",1
นที,17
หรื,8
มือ,16
ด ต,1
ัวอ,1
nel,1
" mo",1
ing,2
ึ่ง,29
bbl,1
ระห,8
รเช,1
ี่ค,5
ง ไ,5
าะส,1
ี้ไ,1
บเร,1
ึ้ง,3
ตุ้,1
นกล,4
อนก,2
นัต,1
ช่ ,1
ด้น,1
แม่,3
มสั,1
ตขอ,1
อม ,1
็นล,1
พูด,13
คนส,1
ง ช,7
ว ส,2
ินบ,1
ธอเ,1
็ จ,1
ฟอง,1
ราว,3
ไปด,2
ลอ ,1
ica,2
รปฏ,1
จจะ,4
"า """,9
ละล,3
ดเล,2
าศส,1
มน้,1
้ทำ,1
ช้ำ,1
นนี,13
่ชา,1
นาน,4
คมช,1
วา ,2
ีรู,1
ย์ข,1
ร้จ,1
กิน,4
าไป,3
ไร้,2
้ปร,1
" วั",3
ใด ,2
ริ ,2
สรุ,1
" โด",9
d ห,1
่วโ,1
ด แ,3
ลี ,2
ือ.,1
กพั,1
กว้,2
วยห,1
่ส่,2
ุณเ,1
องก,6
น จ,5
" ได",15
ูงต,1
ะ ม,2
ิตช,1
ินไ,3
ดจิ,1
ณ เ,2
" รั",4
ี่ด,3
สภา,1
ใสแ,1
้ง ,18
คำพ,4
าแป,1
าวะ,1
ขาท,1
วนท,1
จแล,1
็บ ,3
กร้,1
ับก,7
ว -,1
มสม,1
ล้ช,1
งบ ,1
ง บ,4
่ ท,8
เตะ,1
ตอน,12
โยค,2
ก็ย,1
" ลู",1
นุก,1
" หั",4
" ปก",3
หะ ,1
" สี",15
งมง,1
งกว,1
ทา ,3
่ผ่,2
" ทั",15
กคน,6
ฏิว,1
" งม",1
อีก,14
ายเ,3
" ถอ",1
่บ่,1
ตี ,3
" ฝู",1
กือ,5
ย่า,20
" คล",6
ท์ไ,1
dทะ,1
บื้,1
าเห,2
กร ,1
ร เ,3
ต่ค,1
้ น,1
ส่ ,2
ำเน,1
่ยา,1
่าย,3
ขาว,3
มชั,1
อก ,9
่ทุ,1
้นท,3
นบน,1
์วิ,1
กรี,1
กำล,5
ง ส,9
บ ว,1
ามจ,1
" ฟั",4
ะทา,1
ลอน,1
ยพว,1
นออ,2
งใด,1
แต่,23
ราง,2
edท,1
กน้,3
ุ่ม,6
ซ่า,1
สุข,1
" ปั",1
" หก",1
- แ,5
อกม,8
วัง,1
้งใ,2
่สา,1
มาก,8
อน ,15
แน่,3
" ""ด",1
""" เ",2
วงห,1
กหล,1
่งโ,1
มตี,2
ฝีม,1
มพั,1
" อน",1
ะ ก,7
องม,3
อ ผ,2
ี ค,1
ใหม,1
ำ เ,1
้ว ,7
ค้น,2
อนั,1
มบั,3
ับม,3
ง -,1
าขึ,1
ลขอ,1
ายถ,2
ใจแ,1
ร พ,2
อย้,1
ว บ,1
ศัพ,1
ืช ,1
คนบ,1
นำอ,1
มณี,1
า ฟ,1
ูง ,4
้ำร,1
นว ,1
็งแ,2
ออก,21
้าร,1
" ผล",1
โดด,1
รุป,1
ัศน,1
ละต,1
ุณส,2
" ชี",5
รูป,3
นใบ,1
" สต",1
ลัน,2
ันอ,3
รวจ,2
ในน,1
" ""ค",1
ั้ง,31
านน,1
ัปด,1
ก แ,3
รต่,1
ยงด,1
มไป,1
ัตต,1
หลา,3
อดเ,1
ารม,3
ied,1
น น,7
ด ด,2
ม ม,2
อ อ,3
ก ก,1
ขาไ,4
่นห,1
มเป,2
นเร,2
งจิ,1
ัฐบ,1
ิศว,1
างก,7
หมา,5
พที,1
ลาย,9
่วง,7
็นส,1
อาส,1
ับพ,7
่งว,1
ชน ,1
ป ท,1
" , ",12
คนห,3
ท้อ,5
ง ซ,3
""" .",1
่ ค,5
ธอใ,1
ล์ฟ,5
ดวง,5
gib,1
หยุ,3
ฟร์,5
ุสว,1
ำซ่,1
สงแ,2
เคื,1
ตัน,2
" หย",4
สนแ,1
หนเ,1
ีเง,1
ช้า,5
าฏก,1
เท ,1
นให,1
ขีด,1
าสู,1
สบก,2
สม ,1
งพิ,1
" ""ห",1
ตั้,6
ู้ฟ,1
กปิ,1
ก้ว,1
ีรุ,1
", ร",1
ยงค,1
" วา",3
ูดข,2
nwi,1
กติ,3
iet,1
ารั,3
phi,1
ด ๆ,1
ด ค,2
ect,1
" ไต",1
ี ล,1
น ฉ,1
" รา",8
" แต",20
กเห,5
ืนไ,1
ล่ง,2
ะเบ,4
วจค,2
งุด,1
ี่ท,1
รก่,1
หกเ,1
ห็น,13
ลุ่,3
้พย,1
" ยิ",2
สาม,8
ตาข,2
tle,1
alp,1
ถบอ,1
ชาก,1
ต่ ,13
ากน,5
สัม,1
สมั,1
" -ห",1
ง ป,1
อข่,1
าคน,5
นฝอ,1
้าเ,1
่ ด,1
้าข,3
็วเ,1
san,1
ิงท,1
เย็,2
าล ,3
ราะ,1
เล็,6
าด้,2
เดื,3
งเล,3
" หา",3
อ. ,1
ีเท,2
- ฮ,1
" สิ",11
บ้า,2
รื่,7
ในไ,1
ผมร,1
กไป,3
" ทา",2
ม แ,5
รคุ,1
กลี,1
" โล",3
มีค,2
ายแ,1
นด์,1
ลิ่,1
ารก,1
ำร่,1
วยผ,1
ิ ด,1
ย่ำ,1
บื่,5
ร่า,7
ม ก,5
"ุด,",1
ก ม,2
" ดิ",7
" แล",43
ระจ,1
ษะข,1
็ยั,1
าวก,2
างม,1
่าร,2
าทั,1
า เ,13
สน ,1
ง ห,6
ลาเ,1
ล่ ,1
ื้อ,3
" เอ",1
รอบ,3
ปอย,1
คงท,1
ะทำ,1
เรื,9
ดยห,1
ปยศ,1
" ผิ",2
เต็,1
" ปา",1
ู่ร,1
""" ก",2
สุก,1
ศพ ,1
" บิ",6
- เ,3
" กึ",1
มาพ,1
ม้ว,2
""" แ",2
ผิว,3
ึง ,11
ัดส,1
ยืด,1
ถว ,1
" งา",1
ปลา,2
l ข,1
่งใ,2
ยถึ,2
รีบ,1
มพึ,1
าญ ,1
บว่,2
" คิ",3
ิ ค,1
ต่ท,2
ซึ้,1
ล่ว,1
มเห,2
รับ,13
รมช,3
ัมผ,1
ปมา,1
้ จ,1
ถือ,1
ห้ ,6
"ง """,4
ตาย,9
่งท,6
ีขา,2
ายน,1
ี่ ,69
า พ,6
อย่,20
ท ห,1
ว ป,1
ามน,2
ิจ ,1
ง! ,1
สีแ,1
" ๆ ",14
้าย,13
่ำ ,1
สึก,6
ทำห,2
ๆ ใ,1
วมไ,1
" ซา",2
ธุร,1
ห้เ,3
บจะ,1
" สด",1
ุณห,1
เชิ,1
ยาม,6
ลัว,9
กษณ,3
ทัน,7
งมน,1
จรด,1
" ๆข",1
วม ,3
" มว",1
" ก็",4
ห้ข,1
่เล,1
ดให,1
ก เ,13
ญิง,8
หิม,1
นคร,1
หลี,1
มีร,1
ัพท,1
ำสม,1
ลงป,1
ก ข,8
ด ท,4
น บ,4
" คง",1
ิ่ง,18
ูกใ,1
้ฟั,1
หว ,1
ใบห,5
ด้ท,2
ยสั,1
ele,1
นสง,1
็นห,1
า อ,14
ง จ,3
bab,1
ามส,4
ป ด,2
์ ก,3
"""หน",1
มอร,12
่ แ,12
mmo,1
ำออ,1
ราม,2
" หร",6
าจจ,4
ละว,1
เกา,2
นจร,1
้ทั,1
เบิ,4
ีมื,1
ืม ,2
"""นั",2
งพี,1
ete,1
ata,1
" มื",1
ม่ไ,10
มหว,3
ted,2
ธุ์,1
ุดข,1
ัดซ,1
ะไป,1
ยงแ,1
งขอ,9
ำสั,1
มา ,14
น ช,2
งหน,9
ค ท,1
ะ ร,2
ิตจ,1
ัย ,1
ด ง,1
ะเป,1
ปะก,1
ๆ ท,2
ึ้น,15
้ ว,2
พืช,1
อใจ,1
่าผ,1
ปัญ,1
รโจ,1
ายุ,1
ะกด,2
ง ธ,1
" เพ",6
สัย,2
สมา,1
่ ต,2
ะวิ,1
รงไ,2
ด์ ,1
อ -,1
้อน,5
ำยั,1
ไปข,1
"""ตั",1
สีย,16
เดิ,3
ัส ,1
น่า,15
ม่ช,2
ะจบ,1
ลัง,12
จริ,3
ยาก,3
" กว",6
อน.,1
สนา,1
ัติ,3
่ u,1
" ทำ",6
ม เ,6
อ ไ,4
กลิ,1
เอา,1
ติ ,10
" โย",3
; แ,1
ณสม,2
ปบน,1
" คว",26
นงง,2
ม ข,5
คลุ,1
รั้,13
ะเห,1
่นช,1
"""ถ้",1
้ ท,3
ักร,3
นมห,1
ืน ,2
า แ,8
"""มั",1
าร่,1
ียใ,2
ง p,1
บ ล,1
คนจ,1
ากส,1
ำ ผ,1
์ ม,2
"ด """,1
่ ล,1
ราก,1
ับ ,21
รู้,9
งเด,3
้วม,1
ันร,2
วัน,7
นใด,1
ในท,4
ห้า,6
รที,1
มหง,1
่ใน,8
แบบ,2
ยที,4
่อส,1
" ทร",3
ริน,2
่งไ,1
ารถ,4
ปลี,1
"่ """,2
ำตอ,1
วขอ,1
ภาพ,2
ะ ใ,1
น ส,6
สะก,2
กา ,2
" คื",2
ดด่,1
" ดว",4
องร,2
ซึ่,9
ำ โ,1
มเส,1
ด้ว,19
g ข,1
บน ,3
ผรุ,1
าก็,1
ขา ,66
วน ,2
ไวย,1
็นป,1
กรว,2
ามบ,1
รแส,1
สกา,1
้รั,8
เลย,1
สีเ,5
ือน,14
ยพั,1
" ""เ",4
ดาห,1
พท์,1
ไปย,2
งสอ,1
ทำส,1
ดผ่,1
สีข,2
" ปร",9
ละท,5
รุน,2
งเค,1
ตะว,1
ม่ส,3
่มต,2
น่อ,1
ม่ต,1
อัพ,1
เชี,1
์ขั,1
เบล,1
atr,1
อบจ,1
นาด,2
ลสะ,1
น้อ,6
ร้ป,1
มหึ,1
ดใส,2
ร์ฟ,2
ญ ใ,1
ดิน,2
ุดต,1
พอใ,1
นิด,1
โบร,1
เปล,6
เหต,3
นโล,1
ลงบ,1
คิ้,1
น ป,5
ด ถ,1
อวา,2
ม ร,1
อนเ,3
่นล,1
พจร,1
ยหา,3
มเต,1
ขาจ,1
เขี,2
นับ,2
- !,1
" - ",23
ษณ์,1
ย ฝ,2
ายห,3
่แย,1
เธอ,25
ามห,5
ง่ ,2
บ ค,6
คุ้,2
ร อ,1
รแป,1
บาย,2
ท น,1
มแต,1
นแอ,1
่ ข,3
ibb,1
่ตอ,2
่ เ,14
์ ไ,1
ต็ม,1
้าด,1
ดร้,1
ราย,4
รยา,1
หาส,1
สงใ,1
ยน่,1
ะออ,1
อกเ,5
ันไ,1
งเห,1
"y ,",1
กนา,1
ันข,1
" กด",1
าบซ,1
"ร ,",1
oph,1
ิม ,3
ซ้ำ,3
พัง,1
ย์ก,1
งทุ,2
ีแน,1
จิต,6
ยงข,2
มดผ,1
นีไ,1
คล้,2
", ล",1
" วิ",4
นคิ,1
ิดฉ,1
นิค,1
ูดค,1
้ชิ,1
ไว้,3
ยงเ,1
องเ,42
ตื่,3
องข,3
jec,1
น ซ,2
ะ ย,1
nt ,1
" ไท",1
ังพ,1
กเล,1
ี่น,7
" แป",4
าเถ,1
่นี,4
ยหย,2
่ขอ,1
ฉับ,2
คน ,14
สาร,2
้นส,4
ต้ ,1
ง น,7
ำ อ,1
็เร,1
ากป,1
ะมี,2
ชิง,1
สดง,3
้าค,4
ผึ้,2
ล็ก,5
ิวั,1
ถึง,3
ctl,1
ซาบ,1
ิ้ม,5
เดี,7
กล ,2
งบเ,1
เคล,2
ปซิ,1
สีร,1
สดใ,2
้คิ,1
งเป,4
่มี,12
! ผ,1
ู่อ,1
ดเจ,1
เสี,17
ดหม,1
ำที,1
" ""น",2
ในค,1
ฬิก,1
ลี่,8
เอี,1
อ ใ,2
", ต",1
ยงา,3
วิช,1
แอ ,1
วิ่,3
มีข,1
" ;ก",1
; เ,1
าพ ,1
ลื่,10
ะขอ,2
"น """,8
" ดึ",5
ี ท,1
ก ร,1
" ไว",1
" แห",3
จะอ,3
กเต,1
ครั,13
ูกส,1
กมา,9
เยี,1
เขต,1
สวง,1
รกิ,1
ดู ,4
อาจ,4
่ที,2
่แข,1
ิน ,11
า โ,3
" นิ",1
ำถา,1
ะกล,1
ยี่,1
้นไ,2
ุกอ,1
ญหา,1
เลี,4
็ อ,2
่ ย,1
ข้น,2
หญิ,8
ะที,4
ือจ,5
กอย,2
งอุ,1
ย่ ,1
้อส,1
เรี,1
ยู่,17
เมอ,12
ตัว,13
ม่ล,1
ทัศ,1
" กิ",1
ดท้,5
ิก ,1
" ศพ",1
""" ใ",1
านห,1
บบา,1
ารท,2
หลค,2
ะ เ,9
ิ ไ,1
รบา,1
เหล,1
วยเ,1
น ห,10
น s,1
ล ท,1
" คึ",1
่นต,1
่ยอ,1
ย อ,4
ี้ ,18
ว น,1
ต้น,5
ยไม,3
ุมฝ,1
า ผ,1
์เจ,1
่า ,30
ุผล,2
้ยิ,1
ผล ,2
ไปม,1
ถลื,1
ace,1
ำหร,2
ะอย,2
""" ฮ",3
า .,3
ผมเ,1
วเบ,1
ม่ด,1
ตกล,2
ดแล,3
" บน",4
" ba",1
" ซ้",2
งพว,17
ปใน,5
ดว่,5
อสู,1
ตร้,1
บรู,1
บบแ,1
" มล",1
ed ,5
่เร,4
"""เข",3
ผลเ,2
ุดด,1
ก ๆ,3
" วล",2
บไว,1
ปลง,1
" ท้",2
ป็น,48
" ออ",12
มอ ,2
จำไ,2
น ด,5
้น ,31
ังก,1
ด น,3
์ไว,1
ตที,1
ธ ต,1
มวั,1
ี่จ,20
unw,1
ink,1
ยบใ,1
อนแ,5
บมั,2
" รอ",7
คู่,1
ณะท,3
" แช",1
ระว,1
มเด,2
"- """,2
มมั,1
ด้ต,2
กกั,1
รกท,2
sms,1
อยู,17
ายส,1
า ห,5
ชัด,3
บาล,1
มรั,1
" เจ",1
ธอไ,1
้ำท,2
บิล,6
ยว ,4
้าท,2
่ ใ,2
มอม,1
้ยง,1
มี ,16
กต ,1
" ลอ",1
" พ่",1
ะอา,1
ism,1
งเส,1
บา ,1
ม่ค,1
กนั,3
ันก,6
" ชน",1
ุ้น,2
uie,1
" สู",2
ฏกร,1
ย -,1
อัญ,1
ิบโ,2
" มี",15
กขอ,4
คว่,1
งพื,1
นหน,5
" จน",1
มหม,2
รา ,14
มข้,2
ดี่,1
ky ,1
ยวร,1
ดคุ,1
เปิ,1
องแ,4
ุณไ,1
น ค,13
นวน,2
red,2
ะลา,1
ะ อ,4
" คน",7
" hu",1
กทั,1
"็น""",1
ใหญ,3
ๆ น,2
ป ไ,1
ถุช,1
ิ่น,1
ฉัน,11
ให้,11
่าพ,2
ำมื,1
" ขน",2
ของ,127
สาย,6
ใกล,2
นชี,1
นก ,1
้นห,1
ะมา,1
ง พ,4
สมิ,4
ำ ส,3
" เธ",6
จับ,2
มแข,1
ี้พ,1
์ ท,3
เติ,3
นอน,8
้าง,7
มอั,1
ีฟ้,4
ไร ,2
์ปุ,1
" ผู",9
าติ,3
" หญ",2
ละฉ,1
งเบ,1
" ห้",3
ทะ ,1
" กล",14
รวด,2
็กน,2
"อน,",1
สบา,1
ู้ส,6
กหั,1
ณา ,2
ตรอ,1
" ที",66
อ โ,2
ลง ,9
ีท ,4
กลา,1
ลี้,1
ารค,3
ยัง,9
" ดู",6
ล จ,1
ีที,4
ู ด,1
ะตา,1
กวั,1
ังม,1
นทน,1
ะเล,12
่นค,3
" แส",3
กเด,1
อนอ,2
ขาห,1
ครา,4
้ ต,3
รัง,1
ะแม,2
มกั,1
" ร้",1
้นป,1
" นี",10
บหน,5
ายช,1
นลด,1
า ใ,2
ใส ,1
งไป,5
กำม,1
ุกส,1
บ ร,1
้รว,1
่ ร,2
ควา,42
ยง ,5
้ยว,1
เริ,5
ะห์,1
งรุ,2
ศสด,1
ลึก,1
สถา,1
้ม ,6
ใดน,1
""" พ",3
อมแ,1
- ก,1
วเส,1
วะป,1
แจ้,1
ละน,1
ก้ไ,1
ำนว,3
ตกต,2
" สน",1
ันม,1
ในต,1
ยคว,5
ิมพ,1
. เ,1
""" ไ",2
รทำ,1
งแจ,1
นได,3
นคต,1
ัดอ,1
บอก,2
" ถู",1
หลง,3
ารด,1
ปลื,1
ัญ ,3
ะ แ,4
ไขเ,1
" คู",1
ลที,2
ม ผ,1
ศ ต,1
องอ,2
บบ ,1
ระท,1
อใส,1
" ขู",1
ุซึ,1
ยชร,1
นสี,2
็นน,1
ับอ,1
่งด,1
ชาย,6
นม ,2
ูก ,1
" ฉี",1
ตาม,1
กสอ,1
ว พ,1
ะกา,4
ามผ,1
นรู,1
อปี,1
บตั,1
ิทย,1
ดาษ,1
"์ ,",1
ือป,1
" ตอ",8
ธอ-,1
ๆ เ,1
วรจ,1
่าใ,1
กึ่,1
ำ- ,1
ละส,1
ลเป,1
" up",1
ั่ง,3
่มท,1
แถว,1
ยระ,1
า -,2
""" อ",1
ีกค,7
" "" ",37
ยาย,9
! ',1
sub,1
เชื,2
มาส,1
วโน,1
ถาน,1
อริ,1
แทร,1
านฝ,1
บสิ,1
ปิด,2
งคุ,1
ุดท,5
บอา,1
ติบ,2
ญ แ,1
" โก",2
" อย",18
น ต,10
องผ,2
ดลง,4
ต น,1
ิตท,1
อ ม,3
ม อ,2
บมา,1
อนโ,1
าวอ,1
รมึ,1
ด้ด,1
ชาต,3
ย ป,1
ับบ,1
แฟร,12
า ส,6
บ ข,2
ามอ,1
เลท,1
่พว,3
ดงร,1
่ โ,2
าหล,3
แนว,3
ือส,3
งอบ,1
ดยท,1
ข่ว,1
น์ ,1
่คร,1
์คว,1
ทั่,1
eft,1
. ม,1
จำท,1
เบื,6
เห็,13
" สุ",5
"ย ,",3
" ป่",2
wef,1
นุ่,1
์ฟ ,5
งว่,1
" มา",8
นขา,1
ัญห,1
่น ,24
ผมท,1
ที่,138
เอง,11
ีไป,1
Qui,1
ไป ,11
" ว่",7
ยงโ,1
ัดเ,1
ๆขอ,1
" อา",4
โอ้,1
ด จ,3
ีวิ,10
จด ,1
่อใ,1
รรย,1
ำรา,1
ผ่า,5
มเง,5
ื่น,22
ไกร,1
" แน",4
าเด,1
เร็,4
ทนส,1
ทำใ,2
" ใน",29
พ เ,1
นชา,1
lly,1
ับช,1
่จร,1
ส ข,1
้เห,4
ำ ห,2
" เน",1
ื้น,2
าว ,9
้าไ,3
์ ด,1
โยก,2
ดทร,1
้ขึ,1
" ตา",8
หยด,1
เล ,11
" ผุ",1
ั่ว,2
ีเห,2
เป็,48
ละไ,2
" ห่",1
ในข,3
กาส,2
่เข,2
ู้ห,6
ในเ,2
" ธุ",1
"""เร",1
กลั,15
"น"" ",3
ย้ำ,1
อ แ,2
อดย,1
งต่,2
วคุ,1
งป่,1
ุด ,8
คลื,10
ลวด,1
ิ ธ,4
อ ก,2
ี น,1
ก อ,1
ะ ผ,1
ธิ ,1
บกา,9
อจา,4
รเล,1
ระค,1
ๆ ส,1
เยื,2
" ร่",3
้ ด,3
างอ,5
ึงม,1
คำร,1
าขอ,3
" นา",1
่วร,1
า ไ,10
ว้ ,1
่ทำ,1
ะพร,1
ม่ ,7
ำ ป,2
้เป,2
่ม ,7
กระ,6
ะกร,1
โน้,1
" พู",6
เลื,3
เด็,3
าท ,2
งรว,1
โทน,1
หาด,4
พลั,2
ก่ง,1
ม่ว,2
อมโ,1
" ชุ",2
วว่,8
ึก ,6
" กา",19
นยา,1
รพิ,1
าบอ,1
ร้อ,7
" จุ",1
ข ข,1
"้ """,2
ย์ว,1
านอ,1
วิธ,2
ไอร,1
ยทะ,1
ทิศ,1
ิดห,1
้สึ,6
ารต,4
แมว,3
ยถา,1
รรไ,1
